"NDB_No","Shrt_Desc","Water_.g.","Energ_Kcal","Protein_.g.","Lipid_Tot_.g.","Ash_.g.","Carbohydrt_.g.","Fiber_TD_.g.","Sugar_Tot_.g.","Calcium_.mg.","Iron_.mg.","Magnesium_.mg.","Phosphorus_.mg.","Potassium_.mg.","Sodium_.mg.","Zinc_.mg.","Copper_mg.","Manganese_.mg.","Selenium_.µg.","Vit_C_.mg.","Thiamin_.mg.","Riboflavin_.mg.","Niacin_.mg.","Panto_Acid_mg.","Vit_B6_.mg.","Folate_Tot_.µg.","Folic_Acid_.µg.","Food_Folate_.µg.","Folate_DFE_.µg.","Choline_Tot_..mg.","Vit_B12_.µg.","Vit_A_IU","Vit_A_RAE","Retinol_.µg.","Alpha_Carot_.µg.","Beta_Carot_.µg.","Beta_Crypt_.µg.","Lycopene_.µg.","Lut.Zea_..µg.","Vit_E_.mg.","Vit_D_µg","Vit_D_IU","Vit_K_.µg.","FA_Sat_.g.","FA_Mono_.g.","FA_Poly_.g.","Cholestrl_.mg."
15155,"ABALONE,MIXED SPECIES,RAW",74.56,105,17.1,0.76,1.57,6.01,0,0,31,3.19,48,190,250,301,0.82,0.196,0.04,44.8,2,0.19,0.1,1.5,3,0.15,5,0,5,5,65,0.73,7,2,2,0,0,0,0,0,4,0,0,23,0.149,0.107,0.104,85
11001,"ALFALFA SEEDS,SPROUTED,RAW",92.82,23,3.99,0.69,0.4,2.1,1.9,0.2,32,0.96,27,70,79,6,0.92,0.157,0.188,0.6,8.2,0.076,0.126,0.481,0.563,0.034,36,0,36,36,14.4,0,155,8,0,6,87,6,0,0,0.02,0,0,30.5,0.069,0.056,0.409,0
9003,"APPLES,RAW,WITH SKIN",85.56,52,0.26,0.17,0.19,13.81,2.4,10.39,6,0.12,5,11,107,1,0.04,0.027,0.035,0,4.6,0.017,0.026,0.091,0.061,0.041,3,0,3,3,3.4,0,54,3,0,0,27,11,0,29,0.18,0,0,2.2,0.028,0.007,0.051,0
9004,"APPLES,RAW,WITHOUT SKIN",86.67,48,0.27,0.13,0.17,12.76,1.3,10.1,5,0.07,4,11,90,0,0.05,0.031,0.038,0,4,0.019,0.028,0.091,0.071,0.037,0,0,0,0,3.4,0,38,2,0,0,17,13,0,18,0.05,0,0,0.6,0.021,0.005,0.037,0
9006,"APPLES,RAW,WO/ SKN,CKD,MICROWAVE",84.63,56,0.28,0.42,0.26,14.41,2.8,11.61,5,0.17,3,8,93,1,0.04,0.046,0.142,0.3,0.3,0.017,0.011,0.061,0.046,0.046,1,0,1,1,3.4,0,40,2,0,0,17,13,0,21,0.05,0,0,0.7,0.068,0.017,0.122,0
9005,"APPLES,RAW,WO/SKN,CKD,BLD",85.47,53,0.26,0.36,0.28,13.64,2.4,11.01,5,0.19,3,8,88,1,0.04,0.035,0.118,0.3,0.2,0.016,0.012,0.095,0.046,0.044,1,0,1,1,3.4,0,44,2,0,0,19,14,0,19,0.05,0,0,0.6,0.058,0.014,0.104,0
9021,"APRICOTS,RAW",86.35,48,1.4,0.39,0.75,11.12,2,9.24,13,0.39,10,23,259,1,0.2,0.078,0.077,0.1,10,0.03,0.04,0.6,0.24,0.054,9,0,9,9,2.8,0,1926,96,0,19,1094,104,0,89,0.89,0,0,3.3,0.027,0.17,0.077,0
11007,"ARTICHOKES,(GLOBE OR FRENCH),RAW",84.94,47,3.27,0.15,1.13,10.51,5.4,0.99,44,1.28,60,90,370,94,0.49,0.231,0.256,0.2,11.7,0.072,0.066,1.046,0.338,0.116,68,0,68,68,34.4,0,13,1,0,0,8,0,0,464,0.19,0,0,14.8,0.036,0.005,0.064,0
11959,"ARUGULA,RAW",91.71,25,2.58,0.66,1.4,3.65,1.6,2.05,160,1.46,47,52,369,27,0.47,0.076,0.321,0.3,15,0.044,0.086,0.305,0.437,0.073,97,0,97,97,15.3,0,2373,119,0,0,1424,0,0,3555,0.43,0,0,108.6,0.086,0.049,0.319,0
11011,"ASPARAGUS,RAW",93.22,20,2.2,0.12,0.58,3.88,2.1,1.88,24,2.14,14,52,202,2,0.54,0.189,0.158,2.3,5.6,0.143,0.141,0.978,0.274,0.091,52,0,52,52,16,0,756,38,0,9,449,0,0,710,1.13,0,0,41.6,0.04,0,0.05,0
9037,"AVOCADOS,RAW,ALL COMM VAR",73.23,160,2,14.66,1.58,8.53,6.7,0.66,12,0.55,29,52,485,7,0.64,0.19,0.142,0.4,10,0.067,0.13,1.738,1.389,0.257,81,0,81,81,14.2,0,146,7,0,24,62,28,0,271,2.07,0,0,21,2.126,9.799,1.816,0
9038,"AVOCADOS,RAW,CALIFORNIA",72.33,167,1.96,15.41,1.66,8.64,6.8,0.3,13,0.61,29,54,507,8,0.68,0.17,0.149,0.4,8.8,0.075,0.143,1.912,1.463,0.287,89,0,89,89,14.2,0,147,7,0,24,63,27,0,271,1.97,0,0,21,2.126,9.799,1.816,0
11026,"BAMBOO SHOOTS,RAW",91,27,2.6,0.3,0.9,5.2,2.2,3,13,0.5,3,59,533,4,1.1,0.19,0.262,0.8,4,0.15,0.07,0.6,0.161,0.24,7,0,7,7,0,0,20,1,0,0,12,0,0,0,1,0,0,0,0.069,0.007,0.134,0
9040,"BANANAS,RAW",74.91,89,1.09,0.33,0.82,22.84,2.6,12.23,5,0.26,27,22,358,1,0.15,0.078,0.27,1,8.7,0.031,0.073,0.665,0.334,0.367,20,0,20,20,9.8,0,64,3,0,25,26,0,0,22,0.1,0,0,0.5,0.112,0.032,0.073,0
20005,"BARLEY,PEARLED,RAW",10.09,352,9.91,1.16,1.11,77.72,15.6,0.8,29,2.5,79,221,280,9,2.13,0.42,1.322,37.7,0,0.191,0.114,4.604,0.282,0.26,23,0,23,23,37.8,0,22,1,0,0,13,0,0,160,0.02,0,0,2.2,0.244,0.149,0.56,0
16014,"BEANS,BLACK,MATURE SEEDS,RAW",11.02,341,21.6,1.42,3.6,62.36,15.5,2.12,123,5.02,171,352,1483,5,3.65,0.841,1.06,3.2,0,0.9,0.193,1.955,0.899,0.286,444,0,444,444,66.4,0,17,0,0,0,0,0,0,0,0.21,0,0,5.6,0.366,0.123,0.61,0
16032,"BEANS,KIDNEY,RED,MATURE SEEDS,RAW",11.75,337,22.53,1.06,3.37,61.29,15.2,2.1,83,6.69,138,406,1359,12,2.79,0.699,1.111,3.2,4.5,0.608,0.215,2.11,0.78,0.397,394,0,394,394,65.9,0,0,0,0,0,0,0,0,0,0.21,0,0,5.6,0.154,0.082,0.586,0
11052,"BEANS,SNAP,GREEN,RAW",90.32,31,1.83,0.22,0.66,6.97,2.7,3.26,37,1.03,25,38,211,6,0.24,0.069,0.216,0.6,12.2,0.082,0.104,0.734,0.225,0.141,33,0,33,33,15.3,0,690,35,0,69,379,0,0,640,0.41,0,0,43,0.05,0.01,0.113,0
16049,"BEANS,WHITE,MATURE SEEDS,RAW",11.32,333,23.36,0.85,4.2,60.27,15.2,2.11,240,10.44,190,301,1795,16,3.67,0.984,1.796,12.8,0,0.437,0.146,0.479,0.732,0.318,388,0,388,388,66.2,0,0,0,0,0,0,0,0,0,0.21,0,0,5.6,0.219,0.074,0.364,0
23093,"BEEF,CHUCK FOR STEW,LN & FAT,ALL GRDS,RAW",72.51,128,21.75,4.48,1.11,0.16,0,0,13,2.12,21,213,367,80,5.43,0.088,0.014,24.2,0,0.08,0.17,5.003,0.665,0.567,3,0,3,3,71.8,2.3,6,2,2,0,0,0,0,0,0.17,0.1,4,1.5,1.86,2.32,0.3,64
23095,"BEEF,CHUCK FOR STEW,LN & FAT,CHOIC,RAW",72.32,130,21.64,4.81,1.11,0.12,0,0,13,2.09,21,217,373,79,5.41,0.084,0.014,23.6,0,0.08,0.17,4.887,0.66,0.568,3,0,3,3,69.1,2.27,6,2,2,0,0,0,0,0,0.18,0.1,4,1.5,1.988,2.51,0.31,63
23094,"BEEF,CHUCK FOR STEW,LN & FAT,SEL,RAW",72.79,124,21.9,3.99,1.12,0.21,0,0,14,2.2,20,209,359,81,5.51,0.093,0.014,26,0,0.08,0.17,5.19,0.67,0.568,4,0,4,4,74.6,2.42,7,2,2,0,0,0,0,0,0.15,0.1,3,1.5,1.748,2.16,0.287,66
23477,"BEEF,GROUND,97% LN MEAT / 3% FAT,RAW",74.75,121,21.98,3,1.07,0,0,0,8,2.44,22,203,357,66,5.21,0.08,0.01,17.7,0,0.041,0.151,5.663,0.673,0.401,4,0,4,4,72.8,2.26,14,4,4,0,0,0,0,0,0.17,0.1,3,0.1,1.48,1.134,0.222,60
11080,"BEETS,RAW",87.58,43,1.61,0.17,1.08,9.56,2.8,6.76,16,0.8,23,40,325,78,0.35,0.075,0.329,0.7,4.9,0.031,0.04,0.334,0.155,0.067,109,0,109,109,6,0,33,2,0,0,20,0,0,0,0.04,0,0,0.2,0.027,0.032,0.06,0
9042,"BLACKBERRIES,RAW",88.15,43,1.39,0.49,0.37,9.61,5.3,4.88,29,0.62,20,22,162,1,0.53,0.165,0.646,0.4,21,0.02,0.026,0.646,0.276,0.03,25,0,25,25,8.5,0,214,11,0,0,128,0,0,118,1.17,0,0,19.8,0.014,0.047,0.28,0
9050,"BLUEBERRIES,RAW",84.21,57,0.74,0.33,0.24,14.49,2.4,9.96,6,0.28,6,12,77,1,0.16,0.057,0.336,0.1,9.7,0.037,0.041,0.418,0.124,0.052,6,0,6,6,6,0,54,3,0,0,32,0,0,80,0.57,0,0,19.3,0.028,0.047,0.146,0
7006,"BOCKWURST  PORK  VEAL  RAW",54.47,301,14.03,25.87,2.26,2.95,1,1.33,41,1.15,26,169,270,756,2.07,0.1,0.171,11.3,3.2,0.193,0.233,5.616,0.891,0.378,17,0,17,17,46.4,0.86,256,15,2,0,148,2,0,108,0.38,0,0,70.2,10.256,13.138,2.328,93
9059,"BREADFRUIT,RAW",70.65,103,1.07,0.23,0.93,27.12,4.9,11,17,0.54,25,30,490,2,0.12,0.084,0.06,0.6,29,0.11,0.03,0.9,0.457,0.1,14,0,14,14,9.8,0,0,0,0,0,0,0,0,22,0.1,0,0,0.5,0.048,0.034,0.066,0
16052,"BROADBEANS (FAVA BEANS),MATURE SEEDS,RAW",10.98,341,26.12,1.53,3.08,58.29,25,5.7,103,6.7,192,421,1062,13,3.14,0.824,1.626,8.2,1.4,0.555,0.333,2.832,0.976,0.366,423,0,423,423,95.8,0,53,3,0,0,32,0,0,0,0.05,0,0,9,0.254,0.303,0.627,0
11090,"BROCCOLI,RAW",89.3,34,2.82,0.37,0.87,6.64,2.6,1.7,47,0.73,21,66,316,33,0.41,0.049,0.21,2.5,89.2,0.071,0.117,0.639,0.573,0.175,63,0,63,63,18.7,0,623,31,0,25,361,1,0,1403,0.78,0,0,101.6,0.039,0.011,0.038,0
11098,"BRUSSELS SPROUTS,RAW",86,43,3.38,0.3,1.37,8.95,3.8,2.2,42,1.4,23,69,389,25,0.42,0.07,0.337,1.6,85,0.139,0.09,0.745,0.309,0.219,61,0,61,61,19.1,0,754,38,0,6,450,0,0,1590,0.88,0,0,177,0.062,0.023,0.153,0
11104,"BURDOCK ROOT,RAW",80.09,72,1.53,0.15,0.89,17.34,3.3,2.9,41,0.8,38,51,308,5,0.33,0.077,0.232,0.7,3,0.01,0.03,0.3,0.321,0.24,23,0,23,23,11.7,0,0,0,0,0,0,0,0,0,0.38,0,0,1.6,0.025,0.037,0.059,0
11114,"CABBAGE,SAVOY,RAW",91,27,2,0.1,0.8,6.1,3.1,2.27,35,0.4,28,42,230,28,0.27,0.062,0.18,0.9,31,0.07,0.03,0.3,0.187,0.19,80,0,80,80,12.3,0,1000,50,0,0,600,0,0,77,0.17,0,0,68.8,0.013,0.007,0.049,0
9060,"CARAMBOLA,(STARFRUIT),RAW",91.38,31,1.04,0.33,0.52,6.73,2.8,3.98,3,0.08,10,12,133,2,0.12,0.137,0.037,0.6,34.4,0.014,0.016,0.367,0.391,0.017,12,0,12,12,7.6,0,61,3,0,24,25,0,0,66,0.15,0,0,0,0.019,0.03,0.184,0
15008,"CARP,RAW",76.31,127,17.83,5.6,1.46,0,0,0,41,1.24,29,415,333,49,1.48,0.057,0.042,12.6,1.6,0.115,0.055,1.64,0.75,0.19,15,0,15,15,65,1.53,30,9,9,0,0,0,0,0,0.63,24.7,988,0.1,1.083,2.328,1.431,66
11124,"CARROTS,RAW",88.29,41,0.93,0.24,0.97,9.58,2.8,4.74,33,0.3,12,35,320,69,0.24,0.045,0.143,0.1,5.9,0.066,0.058,0.983,0.273,0.138,19,0,19,19,8.8,0,16706,835,0,3477,8285,0,1,256,0.66,0,0,13.2,0.037,0.014,0.117,0
11134,"CASSAVA,RAW",59.68,160,1.36,0.28,0.62,38.06,1.8,1.7,16,0.27,21,27,271,14,0.34,0.1,0.384,0.7,20.6,0.087,0.048,0.854,0.107,0.088,27,0,27,27,23.7,0,13,1,0,0,8,0,0,0,0.19,0,0,1.9,0.074,0.075,0.048,0
15234,"CATFISH,CHANNEL,FARMED,RAW",79.06,119,15.23,5.94,1.05,0,0,0,8,0.23,19,204,302,98,0.48,0.032,0.015,8.2,0,0.02,0.083,2.105,0.67,0.154,10,0,10,10,65,2.88,1,0,0,0,0,0,0,0,0.81,0.2,9,2.1,1.31,2.573,1.119,55
11965,"CAULIFLOWER,GREEN,RAW",89.79,31,2.95,0.3,0.88,6.09,3.2,3.03,33,0.73,20,62,300,23,0.64,0.041,0.247,0.6,88.1,0.08,0.102,0.734,0.696,0.222,57,0,57,57,57.1,0,155,8,0,0,93,0,0,42,0.04,0,0,20.2,0.047,0.028,0.133,0
11135,"CAULIFLOWER,RAW",92.07,25,1.92,0.28,0.76,4.97,2,1.91,22,0.42,15,44,299,30,0.27,0.039,0.155,0.6,48.2,0.05,0.06,0.507,0.667,0.184,57,0,57,57,44.3,0,0,0,0,0,0,0,0,1,0.08,0,0,15.5,0.13,0.034,0.031,0
11141,"CELERIAC,RAW",88,42,1.5,0.3,1,9.2,1.8,1.6,43,0.7,20,115,300,100,0.33,0.07,0.158,0.7,8,0.05,0.06,0.7,0.352,0.165,8,0,8,8,9,0,0,0,0,0,0,0,0,1,0.36,0,0,41,0.079,0.058,0.148,0
11143,"CELERY,RAW",95.43,16,0.69,0.17,0.75,2.97,1.6,1.34,40,0.2,11,24,260,80,0.13,0.035,0.103,0.4,3.1,0.021,0.057,0.32,0.246,0.074,36,0,36,36,6.1,0,449,22,0,0,270,0,0,283,0.27,0,0,29.3,0.042,0.032,0.079,0
11147,"CHARD,SWISS,RAW",92.66,19,1.8,0.2,1.6,3.74,1.6,1.1,51,1.8,81,46,379,213,0.36,0.179,0.366,0.9,30,0.04,0.09,0.4,0.172,0.099,14,0,14,14,18,0,6116,306,0,45,3647,0,0,11000,1.89,0,0,830,0.03,0.04,0.07,0
11149,"CHAYOTE,FRUIT,RAW",94.24,19,0.82,0.13,0.3,4.51,1.7,1.66,17,0.34,12,18,125,2,0.74,0.123,0.189,0.2,7.7,0.025,0.029,0.47,0.249,0.076,93,0,93,93,9.2,0,0,0,0,0,0,0,0,0,0.12,0,0,4.1,0.028,0.01,0.057,0
9063,"CHERRIES,SOUR,RED,RAW",86.13,50,1,0.3,0.4,12.18,1.6,8.49,16,0.32,9,15,173,3,0.1,0.104,0.112,0,10,0.03,0.04,0.4,0.143,0.044,8,0,8,8,6.1,0,1283,64,0,0,770,0,0,85,0.07,0,0,2.1,0.068,0.082,0.09,0
9070,"CHERRIES,SWEET,RAW",82.25,63,1.06,0.2,0.48,16.01,2.1,12.82,13,0.36,11,21,222,0,0.07,0.06,0.07,0,7,0.027,0.033,0.154,0.199,0.049,4,0,4,4,6.1,0,64,3,0,0,38,0,0,85,0.07,0,0,2.1,0.038,0.047,0.052,0
5027,"CHICKEN,LIVER,ALL CLASSES,RAW",76.46,119,16.92,4.83,1.06,0.73,0,0,8,8.99,19,297,230,71,2.67,0.492,0.255,54.6,17.9,0.305,1.778,9.728,6.233,0.853,588,0,588,588,194.4,16.58,11078,3296,3290,11,56,11,40,0,0.7,0,0,0,1.563,1.249,1.306,345
5674,"CHICKEN,SKN (DRUMSTICKS & THIGHS),RAW",44.91,440,9.58,44.23,0.49,0.79,0,0,6,0.37,8,95,119,51,0.65,0.038,0.014,10.1,0,0.04,0.032,2.565,0.61,0.116,2,0,2,2,28.3,0.65,196,59,59,0,0,1,0,103,0.27,0.2,6,0.4,12.102,18.975,9.056,105
16056,"CHICKPEAS (GARBANZO BNS,BENGAL GM),MATURE SEEDS,RAW",7.68,378,20.47,6.04,2.85,62.95,12.2,10.7,57,4.31,79,252,718,24,2.76,0.656,21.306,0,4,0.477,0.212,1.541,1.588,0.535,557,0,557,557,99.3,0,67,3,0,0,40,0,0,0,0.82,0,0,9,0.603,1.377,2.731,0
11152,"CHICORY GREENS,RAW",92,23,1.7,0.3,1.3,4.7,4,0.7,100,0.9,30,47,420,45,0.42,0.295,0.429,0.3,24,0.06,0.1,0.5,1.159,0.105,110,0,110,110,12.8,0,5717,286,0,0,3430,0,0,10300,2.26,0,0,297.6,0.073,0.006,0.131,0
11156,"CHIVES,RAW",90.65,30,3.27,0.73,1,4.35,2.5,1.85,92,1.6,42,58,296,3,0.56,0.157,0.373,0.9,58.1,0.078,0.115,0.647,0.324,0.138,105,0,105,105,5.2,0,4353,218,0,0,2612,0,0,323,0.21,0,0,212.7,0.146,0.095,0.267,0
15157,"CLAM,MIXED SPECIES,RAW",78.98,86,14.67,0.96,1.82,3.57,0,0,39,1.62,19,198,46,601,0.51,0.053,0.085,30.6,0,0.015,0.04,0.35,0.148,0.01,5,0,5,5,65,11.28,300,90,90,0,0,0,0,0,0.68,0,1,0.2,0.187,0.12,0.192,30
12104,"COCONUT MEAT,RAW",46.99,354,3.33,33.49,0.97,15.23,9,6.23,14,2.43,32,113,356,20,1.1,0.435,1.5,10.1,3.3,0.066,0.02,0.54,0.3,0.054,26,0,26,26,12.1,0,0,0,0,0,0,0,0,0,0.24,0,0,0.2,29.698,1.425,0.366,0
12117,"COCONUT MILK,RAW (LIQ EXPRESSED FROM GRATED MEAT&H2O)",67.62,230,2.29,23.84,0.72,5.54,2.2,3.34,16,1.64,37,100,263,15,0.67,0.266,0.916,6.2,2.8,0.026,0,0.76,0.183,0.033,16,0,16,16,8.5,0,0,0,0,0,0,0,0,0,0.15,0,0,0.1,21.14,1.014,0.261,0
15015,"COD,ATLANTIC,RAW",81.22,82,17.81,0.67,1.16,0,0,0,16,0.38,32,203,413,54,0.45,0.028,0.015,33.1,1,0.076,0.065,2.063,0.153,0.245,7,0,7,7,65.2,0.91,40,12,12,0,0,0,0,0,0.64,0.9,36,0.1,0.131,0.094,0.231,43
11161,"COLLARDS,RAW",89.62,32,3.02,0.61,1.32,5.42,4,0.46,232,0.47,27,25,213,17,0.21,0.046,0.658,1.3,35.3,0.054,0.13,0.742,0.267,0.165,129,0,129,129,23.2,0,5019,251,0,14,2991,28,0,4323,2.26,0,0,437.1,0.055,0.03,0.201,0
11165,"CORIANDER (CILANTRO) LEAVES,RAW",92.21,23,2.13,0.52,1.47,3.67,2.8,0.87,67,1.77,26,48,521,46,0.5,0.225,0.426,0.9,27,0.067,0.162,1.114,0.57,0.149,62,0,62,62,12.8,0,6748,337,0,36,3930,202,0,865,2.5,0,0,310,0.014,0.275,0.04,0
11167,"CORN,SWT,YEL,RAW",76.05,86,3.27,1.35,0.62,18.7,2,6.26,2,0.52,37,89,270,15,0.46,0.054,0.163,0.6,6.8,0.155,0.055,1.77,0.717,0.093,42,0,42,42,23,0,187,9,0,16,47,115,0,644,0.07,0,0,0.3,0.325,0.432,0.487,0
16062,"COWPEAS,COMMON (BLACKEYES,CROWDER,SOUTHERN),MTRE SEEDS,RAW",11.95,336,23.52,1.26,3.24,60.03,10.6,6.9,110,8.27,184,424,1112,16,3.37,0.845,1.528,9,1.5,0.853,0.226,2.075,1.496,0.357,633,0,633,633,94.7,0,50,3,0,0,30,0,0,0,0.39,0,0,5,0.331,0.106,0.542,0
11197,"COWPEAS,YOUNG PODS W/SEEDS,RAW",86,44,3.3,0.3,0.9,9.5,3.3,5.04,65,1,58,65,215,4,0.34,0.1,0.308,0.9,33,0.15,0.14,1.2,0.945,0.173,53,0,53,53,22,0,1369,68,0,55,794,0,0,932,0.49,0,0,31.5,0.079,0.027,0.127,0
9078,"CRANBERRIES,RAW",87.32,46,0.46,0.13,0.12,11.97,3.6,4.27,8,0.23,6,11,80,2,0.09,0.056,0.267,0.1,14,0.012,0.02,0.101,0.295,0.057,1,0,1,1,5.5,0,63,3,0,0,38,0,0,91,1.32,0,0,5,0.008,0.018,0.055,0
15145,"CRAYFISH,MXD SP,WILD,RAW",82.24,77,15.97,0.95,1.34,0,0,0,27,0.84,27,256,302,58,1.3,0.419,0.226,31.6,1.2,0.07,0.032,2.208,0.546,0.108,37,0,37,37,80.9,2,53,16,16,0,0,0,0,0,2.85,0,0,0.1,0.159,0.174,0.293,114
15020,"CROAKER,ATLANTIC,RAW",78.03,104,17.78,3.17,1.11,0,0,0,15,0.37,40,210,345,56,0.42,0.042,0.025,36.5,0,0.075,0.095,4.2,0.75,0.3,15,0,15,15,67,2.5,41,12,12,0,0,0,0,0,1.29,0.7,27,0.1,1.088,1.149,0.464,61
15149,"CRUSTACEANS,SHRIMP,MXD SP,RAW (MAYBE PREVIOUSLY FROZEN)",83.01,71,13.61,1.01,1.86,0.91,0,0,54,0.21,22,244,113,566,0.97,0.182,0.029,29.6,0,0.02,0.015,1.778,0.31,0.161,19,0,19,19,80.9,1.11,180,54,54,0,0,0,0,0,1.32,0.1,2,0.3,0.261,0.181,0.295,126
11206,"CUCUMBER,PEELED,RAW",96.73,12,0.59,0.16,0.36,2.16,0.7,1.38,14,0.22,12,21,136,2,0.17,0.071,0.073,0.1,3.2,0.031,0.025,0.037,0.24,0.051,14,0,14,14,5.7,0,72,4,0,8,31,18,0,16,0.03,0,0,7.2,0.013,0.002,0.003,0
11205,"CUCUMBER,WITH PEEL,RAW",95.23,15,0.65,0.11,0.38,3.63,0.5,1.67,16,0.28,13,24,147,2,0.2,0.041,0.079,0.3,2.8,0.027,0.033,0.098,0.259,0.04,7,0,7,7,6,0,105,5,0,11,45,26,0,23,0.03,0,0,16.4,0.037,0.005,0.032,0
9084,"CURRANTS,RED&WHITE,RAW",83.95,56,1.4,0.2,0.66,13.8,4.3,7.37,33,1,13,44,275,1,0.23,0.107,0.186,0.6,41,0.04,0.05,0.1,0.064,0.07,8,0,8,8,7.6,0,42,2,0,0,25,0,0,47,0.1,0,0,11,0.017,0.028,0.088,0
11207,"DANDELION GREENS,RAW",85.6,45,2.7,0.7,1.8,9.2,3.5,0.71,187,3.1,36,66,397,76,0.41,0.171,0.342,0.5,35,0.19,0.26,0.806,0.084,0.251,27,0,27,27,35.3,0,10161,508,0,363,5854,121,0,13610,3.44,0,0,778.4,0.17,0.014,0.306,0
5141,"DUCK,DOMESTICATED,MEAT ONLY,RAW",73.77,135,18.28,5.95,1.06,0.94,0,0,11,2.4,19,203,271,74,1.9,0.253,0.019,13.9,5.8,0.36,0.45,5.3,1.6,0.34,25,0,25,25,53.6,0.4,79,24,24,0,0,0,0,0,0.7,0.1,3,2.8,2.32,1.54,0.75,77
5139,"DUCK,DOMESTICATED,MEAT&SKN,RAW",48.5,404,11.49,39.34,0.68,0,0,0,11,2.4,15,139,209,63,1.36,0.236,0.017,12.4,2.8,0.197,0.21,3.934,0.951,0.19,13,0,13,13,31,0.25,168,50,50,0,0,0,0,0,0.7,0.7,26,5.5,13.22,18.69,5.08,76
15025,"EEL,MIXED SPECIES,RAW",68.26,184,18.44,11.66,1.41,0,0,0,20,0.5,20,216,272,51,1.62,0.023,0.035,6.5,1.8,0.15,0.04,3.5,0.24,0.067,15,0,15,15,65,3,3477,1043,1043,0,0,0,0,0,4,23.3,932,0,2.358,7.19,0.947,126
1138,"EGG,DUCK,WHOLE,FRESH,RAW",70.83,185,12.81,13.77,1.14,1.45,0,0.93,64,3.85,17,220,222,146,1.41,0.062,0.038,36.4,0,0.156,0.404,0.2,1.862,0.25,80,0,80,80,263.4,5.4,674,194,192,0,14,12,0,459,1.34,1.7,69,0.4,3.681,6.525,1.223,884
1139,"EGG,GOOSE,WHOLE,FRESH,RAW",70.43,185,13.87,13.27,1.08,1.35,0,0.94,60,3.64,16,208,210,138,1.33,0.062,0.038,36.9,0,0.147,0.382,0.189,1.759,0.236,76,0,76,76,263.4,5.1,650,187,185,0,13,12,0,442,1.29,1.7,66,0.4,3.595,5.747,1.672,852
1140,"EGG,QUAIL,WHOLE,FRESH,RAW",74.35,158,13.05,11.09,1.1,0.41,0,0.4,64,3.65,13,226,132,141,1.47,0.062,0.038,32,0,0.13,0.79,0.15,1.761,0.15,66,0,66,66,263.4,1.58,543,156,155,0,11,10,0,369,1.08,1.4,55,0.3,3.557,4.324,1.324,844
1123,"EGG,WHL,RAW,FRSH",76.15,143,12.56,9.51,1.06,0.72,0,0.37,56,1.75,12,198,138,142,1.29,0.072,0.028,30.7,0,0.04,0.457,0.075,1.533,0.17,47,0,47,47,293.8,0.89,540,160,160,0,0,9,0,503,1.05,2,82,0.3,3.126,3.658,1.911,372
11209,"EGGPLANT,RAW",92.3,25,0.98,0.18,0.66,5.88,3,3.53,9,0.23,14,24,229,2,0.16,0.081,0.232,0.3,2.2,0.039,0.037,0.649,0.281,0.084,22,0,22,22,6.9,0,23,1,0,0,14,0,0,36,0.3,0,0,3.5,0.034,0.016,0.076,0
11213,"ENDIVE,RAW",93.79,17,1.25,0.2,1.41,3.35,3.1,0.25,52,0.83,15,28,314,22,0.79,0.099,0.42,0.2,6.5,0.08,0.075,0.4,0.9,0.02,142,0,142,142,16.8,0,2167,108,0,0,1300,0,0,0,0.44,0,0,231,0.048,0.004,0.087,0
11957,"FENNEL,BULB,RAW",90.21,31,1.24,0.2,1.05,7.3,3.1,3.93,49,0.73,17,50,414,52,0.2,0.066,0.191,0.7,12,0.01,0.032,0.64,0.232,0.047,27,0,27,27,13.2,0,963,48,0,0,578,0,0,607,0.58,0,0,62.8,0.09,0.068,0.169,0
9089,"FIGS,RAW",79.11,74,0.75,0.3,0.66,19.18,2.9,16.26,35,0.37,17,14,232,1,0.15,0.07,0.128,0.2,2,0.06,0.05,0.4,0.3,0.113,6,0,6,6,4.7,0,142,7,0,0,85,0,0,9,0.11,0,0,4.7,0.06,0.066,0.144,0
15019,"FISH,COD,PACIFIC,RAW (MAY HAVE BEEN PREVIOUSLY FROZEN)",83.95,69,15.27,0.41,1.46,0,0,0,8,0.16,20,281,235,303,0.31,0.019,0.012,22.9,0,0.033,0.045,1.095,0.294,0.117,7,0,7,7,65,1.98,6,2,2,0,0,0,0,0,0.54,0.5,20,0,0.085,0.073,0.164,47
15066,"FISH,POLLOCK,ALASKA,RAW (MAY HAVE BEEN PREVIOUSLY FROZEN)",86.75,56,12.19,0.41,1.36,0,0,0,15,0.22,16,284,160,333,0.31,0.031,0.011,15.9,0,0.03,0.08,0.653,0.237,0.069,3,0,3,3,65,1.63,10,3,3,0,0,0,0,0,0.49,0.2,8,0,0.124,0.079,0.195,46
15085,"FISH,SALMON,SOCKEYE,RAW",72.54,131,22.25,4.69,1.26,0,0,0,9,0.43,30,257,367,78,0.46,0.064,0.011,29.8,0,0.132,0.207,8.507,1.07,0.731,6,0,6,6,94.6,4.69,162,49,49,0,0,0,0,0,0.83,14.1,563,0.1,0.814,1.371,1.115,51
15261,"FISH,TILAPIA,RAW",78.08,96,20.08,1.7,0.93,0,0,0,10,0.56,27,170,302,52,0.33,0.075,0.037,41.8,0,0.041,0.063,3.903,0.487,0.162,24,0,24,24,42.5,1.58,0,0,0,0,0,0,0,0,0.4,3.1,124,1.4,0.585,0.498,0.363,50
15028,"FLATFISH (FLOUNDER&SOLE SP),RAW",84.63,70,12.41,1.93,1.22,0,0,0,21,0.18,18,252,160,296,0.32,0.019,0.014,26.6,0,0.022,0.02,1.04,0.185,0.098,5,0,5,5,65,1.13,33,10,10,0,0,0,0,0,0.63,2.8,113,0.1,0.441,0.535,0.374,45
9516,"FRUIT JUC SMOOTHIE,BOLTHOUSE FARMS,STRAWBERRY BANANA",86.6,52,0.44,0.3,0.29,12.37,0.6,10.33,11,0.32,13,16,184,5,0.07,0.038,0.194,0.4,47.3,0.035,0.053,0.287,0.092,0.075,24,0,24,24,5.3,0,20,1,0,4,9,1,0,25,0.16,0,0,1.6,0.129,0.046,0.112,0
9530,"FRUIT JUC SMOOTHIE,ODWALLA,STRAWBERRY BANANA",87.74,48,0.5,0.32,0.39,11.05,0.6,9.9,10,0.2,14,18,201,2,0.08,0.04,0.18,0.2,38.4,0.05,0.05,0.285,0.21,0.065,30,0,30,30,3.8,0,222,11,0,7,45,169,0,48,8.93,0,0,0.9,0.12,0.026,0.049,0
17343,"GAME MEAT,DEER,GROUND,RAW",71.15,157,21.78,7.13,0.88,0,0,0,11,2.92,21,201,330,75,4.2,0.14,0.014,10,0,0.547,0.287,5.7,0.69,0.464,4,0,4,4,87.9,1.87,0,0,0,0,0,0,0,0,0.45,0,0,1.2,3.361,1.344,0.394,80
11215,"GARLIC,RAW",58.58,149,6.36,0.5,1.5,33.06,2.1,1,181,1.7,25,153,401,17,1.16,0.299,1.672,14.2,31.2,0.2,0.11,0.7,0.596,1.235,3,0,3,3,23.2,0,9,0,0,0,5,0,0,16,0.08,0,0,1.7,0.089,0.011,0.249,0
11216,"GINGER ROOT,RAW",78.89,80,1.82,0.75,0.77,17.77,2,1.7,16,0.6,43,34,415,13,0.34,0.226,0.229,0.7,5,0.025,0.034,0.75,0.203,0.16,11,0,11,11,28.8,0,0,0,0,0,0,0,0,0,0.26,0,0,0.1,0.203,0.154,0.154,0
11974,"GRAPE LEAVES,RAW",73.32,93,5.6,2.12,1.65,17.31,11,6.3,363,2.63,95,91,272,9,0.67,0.415,2.855,0.9,11.1,0.04,0.354,2.362,0.231,0.4,83,0,83,83,12.8,0,27521,1376,0,629,16194,9,0,1747,2,0,0,108.6,0.336,0.081,1.065,0
9128,"GRAPEFRUIT JUC,WHITE,RAW",90,39,0.5,0.1,0.2,9.2,0.1,9.1,9,0.2,12,15,162,1,0.05,0.033,0.02,0.1,38,0.04,0.02,0.2,0.189,0.044,10,0,10,10,7.7,0,10,1,0,2,4,1,0,10,0.22,0,0,0,0.014,0.013,0.024,0
9112,"GRAPEFRUIT,RAW,PINK&RED,ALL AREAS",88.06,42,0.77,0.14,0.36,10.66,1.6,6.89,22,0.08,9,18,135,0,0.07,0.032,0.022,0.1,31.2,0.043,0.031,0.204,0.262,0.053,13,0,13,13,7.7,0,1150,58,0,3,686,6,1419,5,0.13,0,0,0,0.021,0.02,0.036,0
9116,"GRAPEFRUIT,RAW,WHITE,ALL AREAS",90.48,33,0.69,0.1,0.33,8.41,1.1,7.31,12,0.06,9,8,148,0,0.07,0.05,0.013,1.4,33.3,0.037,0.02,0.269,0.283,0.043,10,0,10,10,7.7,0,33,2,0,8,14,3,0,10,0.13,0,0,0,0.014,0.013,0.024,0
15033,"HADDOCK,RAW",83.38,74,16.32,0.45,1.28,0,0,0,11,0.17,21,227,286,213,0.32,0.021,0.011,25.9,0,0.02,0.057,3.363,0.403,0.281,12,0,12,12,65,1.83,57,17,17,0,0,0,0,0,0.45,0.5,18,0.1,0.091,0.061,0.166,54
15039,"HERRING,ATLANTIC,RAW",72.05,158,17.96,9.04,1.46,0,0,0,57,1.1,32,236,327,90,0.99,0.092,0.035,36.5,0.7,0.092,0.233,3.217,0.645,0.302,10,0,10,10,65,13.67,93,28,28,0,0,0,0,0,1.07,4.2,167,0.1,2.04,3.736,2.133,60
9148,"KIWIFRUIT,GRN,RAW",83.07,61,1.14,0.52,0.61,14.66,3,8.99,34,0.31,17,34,312,3,0.14,0.13,0.098,0.2,92.7,0.027,0.025,0.341,0.183,0.063,25,0,25,25,7.8,0,87,4,0,0,52,0,0,122,1.46,0,0,40.3,0.029,0.047,0.287,0
11241,"KOHLRABI,RAW",91,27,1.7,0.1,1,6.2,3.6,2.6,24,0.4,19,46,350,20,0.03,0.129,0.139,0.7,62,0.05,0.02,0.4,0.165,0.15,16,0,16,16,12.3,0,36,2,0,0,22,0,0,0,0.48,0,0,0.1,0.013,0.007,0.048,0
9149,"KUMQUATS,RAW",80.85,71,1.88,0.86,0.52,15.9,6.5,9.36,62,0.86,20,19,186,10,0.17,0.095,0.135,0,43.9,0.037,0.09,0.429,0.208,0.036,17,0,17,17,8.4,0,290,15,0,155,0,193,0,129,0.15,0,0,0,0.103,0.154,0.171,0
17224,"LAMB,GROUND,RAW",59.47,282,16.56,23.41,0.87,0,0,0,16,1.55,21,157,222,59,3.41,0.101,0.019,18.8,0,0.11,0.21,5.96,0.65,0.13,18,0,18,18,69.3,2.31,0,0,0,0,0,0,0,0,0.2,0.1,2,3.6,10.19,9.6,1.85,73
9152,"LEMON JUICE,RAW",92.31,22,0.35,0.24,0.21,6.9,0.3,2.52,6,0.08,6,8,103,1,0.05,0.016,0.012,0.1,38.7,0.024,0.015,0.091,0.131,0.046,20,0,20,20,5.1,0,6,0,0,0,1,4,0,15,0.15,0,0,0,0.04,0.006,0.021,0
9150,"LEMONS,RAW,WITHOUT PEEL",88.98,29,1.1,0.3,0.3,9.32,2.8,2.5,26,0.6,8,16,138,2,0.06,0.037,0.03,0.4,53,0.04,0.02,0.1,0.19,0.08,11,0,11,11,5.1,0,22,1,0,1,3,20,0,11,0.15,0,0,0,0.039,0.011,0.089,0
16069,"LENTILS,RAW",8.26,352,24.63,1.06,2.71,63.35,10.7,2.03,35,6.51,47,281,677,6,3.27,0.754,1.393,0.1,4.5,0.873,0.211,2.605,2.14,0.54,479,0,479,479,96.4,0,39,2,0,0,23,0,0,0,0.49,0,0,5,0.154,0.193,0.526,0
11252,"LETTUCE,ICEBERG (INCL CRISPHEAD TYPES),RAW",95.64,14,0.9,0.14,0.36,2.97,1.2,1.97,18,0.41,7,20,141,10,0.15,0.025,0.125,0.1,2.8,0.041,0.025,0.123,0.091,0.042,29,0,29,29,6.7,0,502,25,0,4,299,0,0,277,0.18,0,0,24.1,0.018,0.006,0.074,0
11257,"LETTUCE,RED LEAF,RAW",95.64,16,1.33,0.22,0.55,2.26,0.9,0.48,33,1.2,12,28,187,25,0.2,0.028,0.203,1.5,3.7,0.064,0.077,0.321,0.144,0.1,36,0,36,36,11.8,0,7492,375,0,0,4495,0,0,1724,0.15,0,0,140.3,0.017,0.005,0.072,0
9160,"LIME JUICE,RAW",90.79,25,0.42,0.07,0.31,8.42,0.4,1.69,14,0.09,8,14,117,2,0.08,0.027,0.018,0.1,30,0.025,0.015,0.142,0.123,0.038,10,0,10,10,5.1,0,50,2,0,0,30,0,0,0,0.22,0,0,0.6,0.008,0.008,0.023,0
9159,"LIMES,RAW",88.26,30,0.7,0.2,0.3,10.54,2.8,1.69,33,0.6,6,18,102,2,0.11,0.065,0.008,0.4,29.1,0.03,0.02,0.2,0.217,0.043,8,0,8,8,5.1,0,50,2,0,0,30,0,0,0,0.22,0,0,0.6,0.022,0.019,0.055,0
15147,"LOBSTER,NORTHERN,RAW",80.95,77,16.52,0.75,1.88,0,0,0,84,0.26,38,161,200,423,3.53,1.349,0.056,63.6,0,0.02,0.014,1.591,1.449,0.104,10,0,10,10,70.3,1.25,4,1,1,0,0,0,0,0,0.87,0,1,0,0.181,0.22,0.296,127
15046,"MACKEREL,ATLANTIC,RAW",63.55,205,18.6,13.89,1.35,0,0,0,12,1.63,76,217,314,90,0.63,0.073,0.015,44.1,0.4,0.176,0.312,9.08,0.856,0.399,1,0,1,1,65,8.71,167,50,50,0,0,0,0,0,1.52,16.1,643,5,3.257,5.456,3.35,70
9176,"MANGOS,RAW",83.46,60,0.82,0.38,0.36,14.98,1.6,13.66,11,0.16,10,14,168,1,0.09,0.111,0.063,0.6,36.4,0.028,0.038,0.669,0.197,0.119,43,0,43,43,7.6,0,1082,54,0,9,640,10,3,23,0.9,0,0,4.2,0.092,0.14,0.071,0
9181,"MELONS,CANTALOUPE,RAW",90.15,34,0.84,0.19,0.65,8.16,0.9,7.86,9,0.21,12,15,267,16,0.18,0.041,0.041,0.4,36.7,0.041,0.019,0.734,0.105,0.072,21,0,21,21,7.6,0,3382,169,0,16,2020,1,0,26,0.05,0,0,2.5,0.051,0.003,0.081,0
15055,"MULLET,STRIPED,RAW",77.01,117,19.35,3.79,1.2,0,0,0,41,1.02,29,221,357,65,0.52,0.051,0.016,36.5,1.2,0.09,0.08,5.2,0.76,0.425,9,0,9,9,70.2,0.22,123,37,37,0,0,0,0,0,1,1.5,61,0.1,1.116,1.078,0.715,49
16080,"MUNG BNS,MATURE SEEDS,RAW",9.05,347,23.86,1.15,3.32,62.62,16.3,6.6,132,6.74,189,367,1246,15,2.68,0.941,1.035,8.2,4.8,0.621,0.233,2.251,1.91,0.382,625,0,625,625,97.9,0,114,6,0,0,68,0,0,0,0.51,0,0,9,0.348,0.161,0.384,0
11993,"MUSHROOMS,MAITAKE,RAW",90.37,31,1.94,0.19,0.53,6.97,2.7,2.07,1,0.3,10,74,204,1,0.75,0.252,0.059,2.2,0,0.146,0.242,6.585,0.27,0.056,21,0,21,21,51.1,0,0,0,0,0,0,0,0,0,0.01,28.1,1123,0,0.03,0.03,0.09,0
11987,"MUSHROOMS,OYSTER,RAW",89.18,33,3.31,0.41,1.01,6.09,2.3,1.11,3,1.33,18,120,420,18,0.77,0.244,0.113,2.6,0,0.125,0.349,4.956,1.294,0.11,38,0,38,38,48.7,0,48,2,0,0,29,0,0,0,0,0.7,29,0,0.062,0.031,0.123,0
11260,"MUSHROOMS,WHITE,RAW",92.45,22,3.09,0.34,0.85,3.26,1,1.98,3,0.5,9,86,318,5,0.52,0.318,0.047,9.3,2.1,0.081,0.402,3.607,1.497,0.104,17,0,17,17,17.3,0.04,0,0,0,0,0,0,0,0,0.01,0.2,7,0,0.05,0,0.16,0
15164,"MUSSEL,BLUE,RAW",80.58,86,11.9,2.24,1.59,3.69,0,0,26,3.95,34,197,320,286,1.6,0.094,3.4,44.8,8,0.16,0.21,1.6,0.5,0.05,42,0,42,42,65,12,160,48,48,0,0,0,0,0,0.55,0,0,0.1,0.425,0.507,0.606,28
9191,"NECTARINES,RAW",87.59,44,1.06,0.32,0.48,10.55,1.7,7.89,6,0.28,9,26,201,0,0.17,0.086,0.054,0,5.4,0.034,0.027,1.125,0.185,0.025,5,0,5,5,6.2,0,332,17,0,0,150,98,0,130,0.77,0,0,2.2,0.025,0.088,0.113,0
11963,"NOPALES,RAW",94.12,16,1.32,0.09,1.14,3.33,2.2,1.15,164,0.59,52,16,257,21,0.25,0.052,0.457,0.7,9.3,0.012,0.041,0.41,0.167,0.07,3,0,3,3,7.3,0,457,23,0,48,250,0,0,0,0,0,0,5.3,0.016,0.018,0.05,0
20033,"OAT BRAN,RAW",6.55,246,17.3,7.03,2.89,66.22,15.4,1.45,58,5.41,235,734,566,4,3.11,0.403,5.63,45.2,0,1.17,0.22,0.934,1.494,0.165,52,0,52,52,32.2,0,0,0,0,0,0,0,0,180,1.01,0,0,3.2,1.328,2.376,2.766,0
15057,"OCEAN PERCH,ATLANTIC,RAW",83.07,79,15.31,1.54,1.2,0,0,0,28,0.22,23,248,187,287,0.29,0.021,0.011,28.6,0,0.04,0.048,1.005,0.272,0.073,9,0,9,9,65,1.5,40,12,12,0,0,0,0,0,0.76,1.2,48,0.1,0.273,0.475,0.304,52
15166,"OCTOPUS,COMMON,RAW",80.25,82,14.91,1.04,1.6,2.2,0,0,53,5.3,30,186,350,230,1.68,0.435,0.025,44.8,5,0.03,0.04,2.1,0.5,0.36,16,0,16,16,65,20,150,45,45,0,0,0,0,0,1.2,0,0,0.1,0.227,0.162,0.239,48
11278,"OKRA,RAW",89.58,33,1.93,0.19,0.86,7.45,3.2,1.48,82,0.62,57,61,299,7,0.58,0.109,0.788,0.7,23,0.2,0.06,1,0.245,0.215,60,0,60,60,12.3,0,716,36,0,27,416,0,0,280,0.27,0,0,31.3,0.026,0.017,0.027,0
11282,"ONIONS,RAW",89.11,40,1.1,0.1,0.35,9.34,1.7,4.24,23,0.21,10,29,146,4,0.17,0.039,0.129,0.5,7.4,0.046,0.027,0.116,0.123,0.12,19,0,19,19,6.1,0,2,0,0,0,1,0,0,4,0.02,0,0,0.4,0.042,0.013,0.017,0
9206,"ORANGE JUICE,RAW",88.3,45,0.7,0.2,0.4,10.4,0.2,8.4,11,0.2,11,17,200,1,0.05,0.044,0.014,0.1,50,0.09,0.03,0.4,0.19,0.04,30,0,30,30,6.2,0,200,10,0,6,33,169,0,115,0.04,0,0,0.1,0.024,0.036,0.04,0
9200,"ORANGES,RAW,ALL COMM VAR",86.75,47,0.94,0.12,0.44,11.75,2.4,9.35,40,0.1,10,14,181,0,0.07,0.045,0.025,0.5,53.2,0.087,0.04,0.282,0.25,0.06,30,0,30,30,8.4,0,225,11,0,11,71,116,0,129,0.18,0,0,0,0.015,0.023,0.025,0
15167,"OYSTER,EASTERN,WILD,RAW",89.04,51,5.71,1.71,0.82,2.72,0,0.62,59,4.61,18,97,156,85,39.3,2.858,0.296,19.7,0,0.018,0.09,0.925,0.223,0.031,7,0,7,7,65,8.75,44,13,13,0,0,0,0,0,0.85,0,1,1,0.474,0.253,0.528,40
9226,"PAPAYAS,RAW",88.06,43,0.47,0.26,0.39,10.82,1.7,7.82,20,0.25,21,10,182,8,0.08,0.045,0.04,0.6,60.9,0.023,0.027,0.357,0.191,0.038,37,0,37,37,6.1,0,950,47,0,2,274,589,1828,89,0.3,0,0,2.6,0.081,0.072,0.058,0
9236,"PEACHES,YEL,RAW",88.87,39,0.91,0.25,0.43,9.54,1.5,8.39,6,0.25,9,20,190,0,0.17,0.068,0.061,0.1,6.6,0.024,0.031,0.806,0.153,0.025,4,0,4,4,6.1,0,326,16,0,0,162,67,0,91,0.73,0,0,2.6,0.019,0.067,0.086,0
16087,"PEANUTS,ALL TYPES,RAW",6.5,567,25.8,49.24,2.33,16.13,8.5,4.72,92,4.58,168,376,705,18,3.27,1.144,1.934,7.2,0,0.64,0.135,12.066,1.767,0.348,240,0,240,240,52.5,0,0,0,0,0,0,0,0,0,8.33,0,0,0,6.279,24.426,15.558,0
9340,"PEARS,ASIAN,RAW",88.25,42,0.5,0.23,0.37,10.65,3.6,7.05,4,0,8,11,121,0,0.02,0.05,0.06,0.1,3.8,0.009,0.01,0.219,0.07,0.022,8,0,8,8,5.1,0,0,0,0,0,0,0,0,50,0.12,0,0,4.5,0.012,0.049,0.055,0
9252,"PEARS,RAW",83.96,57,0.36,0.14,0.32,15.23,3.1,9.75,9,0.18,7,12,116,1,0.1,0.082,0.048,0.1,4.3,0.012,0.026,0.161,0.049,0.029,7,0,7,7,5.1,0,25,1,0,1,14,2,0,44,0.12,0,0,4.4,0.022,0.084,0.094,0
11304,"PEAS,GREEN,RAW",78.86,81,5.42,0.4,0.87,14.45,5.7,5.67,25,1.47,33,108,244,5,1.24,0.176,0.41,1.8,40,0.266,0.132,2.09,0.104,0.169,65,0,65,65,28.4,0,765,38,0,21,449,0,0,2477,0.13,0,0,24.8,0.071,0.035,0.187,0
11670,"PEPPERS,HOT CHILI,GRN,RAW",87.74,40,2,0.2,0.6,9.46,1.5,5.1,18,1.2,25,46,340,7,0.3,0.174,0.237,0.5,242.5,0.09,0.09,0.95,0.061,0.278,23,0,23,23,11.1,0,1179,59,0,23,671,50,0,725,0.69,0,0,14.3,0.021,0.011,0.109,0
11819,"PEPPERS,HOT CHILI,RED,RAW",88.02,40,1.87,0.44,0.87,8.81,1.5,5.3,14,1.03,23,43,322,9,0.26,0.129,0.187,0.5,143.7,0.072,0.086,1.244,0.201,0.506,23,0,23,23,10.9,0,952,48,0,36,534,40,0,709,0.69,0,0,14,0.042,0.024,0.239,0
11333,"PEPPERS,SWT,GRN,RAW",93.89,20,0.86,0.17,0.43,4.64,1.7,2.4,10,0.34,10,20,175,3,0.13,0.066,0.122,0,80.4,0.057,0.028,0.48,0.099,0.224,10,0,10,10,5.5,0,370,18,0,21,208,7,0,341,0.37,0,0,7.4,0.058,0.008,0.062,0
11821,"PEPPERS,SWT,RED,RAW",92.21,31,0.99,0.3,0.47,6.03,2.1,4.2,7,0.43,12,26,211,4,0.25,0.017,0.112,0.1,127.7,0.054,0.085,0.979,0.317,0.291,46,0,46,46,5.6,0,3131,157,0,20,1624,490,0,51,1.58,0,0,4.9,0.027,0.003,0.07,0
11344,"PIGEONPEAS,IMMAT SEEDS,RAW",65.88,136,7.2,1.64,1.4,23.88,5.1,3,42,1.6,68,127,552,5,1.04,0.134,0.574,1.5,39,0.4,0.17,2.2,0.68,0.068,173,0,173,173,45.8,0,67,3,0,0,40,0,0,190,0.39,0,0,24,0.354,0.013,0.873,0
15062,"PIKE,NORTHERN,RAW",78.92,88,19.26,0.69,1.2,0,0,0,57,0.55,31,220,259,39,0.67,0.051,0.24,12.6,3.8,0.058,0.063,2.3,0.75,0.117,15,0,15,15,65,2,70,21,21,0,0,0,0,0,0.2,2.5,99,0.1,0.118,0.157,0.202,39
9266,"PINEAPPLE,RAW,ALL VAR",86,50,0.54,0.12,0.22,13.12,1.4,9.85,13,0.29,12,8,109,1,0.12,0.11,0.927,0.1,47.8,0.079,0.032,0.5,0.213,0.112,18,0,18,18,5.5,0,58,3,0,0,35,0,0,0,0.02,0,0,0.7,0.009,0.013,0.04,0
9279,"PLUMS,RAW",87.23,46,0.7,0.28,0.37,11.42,1.4,9.92,6,0.17,7,16,157,0,0.1,0.057,0.052,0,9.5,0.028,0.026,0.417,0.135,0.029,5,0,5,5,1.9,0,345,17,0,0,190,35,0,73,0.26,0,0,6.4,0.017,0.134,0.044,0
9286,"POMEGRANATES,RAW",77.93,83,1.67,1.17,0.53,18.7,4,13.67,10,0.3,12,36,236,3,0.35,0.158,0.119,0.5,10.2,0.067,0.053,0.293,0.377,0.075,38,0,38,38,7.6,0,0,0,0,0,0,0,0,0,0.6,0,0,16.4,0.12,0.093,0.079,0
15068,"POMPANO,FLORIDA,RAW",71.12,164,18.48,9.47,1.1,0,0,0,22,0.6,27,195,381,65,0.72,0.038,0.013,36.5,0,0.56,0.12,3,0.75,0.2,15,0,15,15,51.5,1.3,132,40,40,0,0,0,0,0,0.18,11,439,0.1,3.509,2.586,1.137,50
10060,"PORK  FRSH  LOIN  TENDERLOIN   LN ONLY  RAW",76,109,20.95,2.17,1.03,0,0,0,5,0.98,27,247,399,53,1.89,0.09,0.015,30.8,0,0.998,0.342,6.684,0.846,0.777,0,0,0,0,80.8,0.51,0,0,0,0,0,0,0,0,0.22,0.2,8,0,0.698,0.792,0.367,65
10006,"PORK,FRSH,FAT,RAW",24.76,632,9.25,65.7,0.51,0,0,0,14,0.26,6,84,333,47,0.6,0.067,0,9,0,0.16,0.09,2.63,0.43,0.143,0,0,0,0,31,0.67,86,26,26,0,0,0,0,0,0.42,1.7,69,0,21.979,28.041,13.186,72
11352,"POTATOES,FLESH & SKN,RAW",79.25,77,2.05,0.09,1.11,17.49,2.1,0.82,12,0.81,23,57,425,6,0.3,0.11,0.153,0.4,19.7,0.081,0.032,1.061,0.295,0.298,15,0,15,15,12.1,0,2,0,0,0,1,0,0,9,0.01,0,0,2,0.025,0.002,0.042,0
11422,"PUMPKIN,RAW",91.6,26,1,0.1,0.8,6.5,0.5,2.76,21,0.8,12,44,340,1,0.32,0.127,0.125,0.3,9,0.05,0.11,0.6,0.298,0.061,16,0,16,16,8.2,0,8513,426,0,4016,3100,0,0,1500,1.06,0,0,1.1,0.052,0.013,0.005,0
11429,"RADISHES,RAW",95.27,16,0.68,0.1,0.55,3.4,1.6,1.86,25,0.34,10,20,233,39,0.28,0.05,0.069,0.6,14.8,0.012,0.039,0.254,0.165,0.071,25,0,25,25,6.5,0,7,0,0,0,4,0,0,10,0,0,0,1.3,0.032,0.017,0.048,0
9302,"RASPBERRIES,RAW",85.75,52,1.2,0.65,0.46,11.94,6.5,4.42,25,0.69,22,29,151,1,0.42,0.09,0.67,0.2,26.2,0.032,0.038,0.598,0.329,0.055,21,0,21,21,12.3,0,33,2,0,16,12,0,0,136,0.87,0,0,7.8,0.019,0.064,0.375,0
9307,"RHUBARB,RAW",93.61,21,0.9,0.2,0.76,4.54,1.8,1.1,86,0.22,12,14,288,4,0.1,0.021,0.196,1.1,8,0.02,0.03,0.3,0.085,0.024,7,0,7,7,6.1,0,102,5,0,0,61,0,0,170,0.27,0,0,29.3,0.053,0.039,0.099,0
20036,"RICE,BROWN,LONG-GRAIN,RAW",11.8,367,7.54,3.2,1.21,76.25,3.6,0.66,9,1.29,116,311,250,5,2.13,0.302,2.853,17.1,0,0.541,0.095,6.494,1.065,0.477,23,0,23,23,21.5,0,0,0,0,0,0,0,0,0,0.6,0,0,0.6,0.591,1.054,1,0
20044,"RICE,WHITE,LONG-GRAIN,REG,RAW,ENR",11.62,365,7.13,0.66,0.64,79.95,1.3,0.12,28,4.31,25,115,115,5,1.09,0.22,1.088,15.1,0,0.576,0.049,4.192,1.014,0.164,231,223,8,387,5.8,0,0,0,0,0,0,0,0,0,0.11,0,0,0.1,0.18,0.206,0.177,0
20444,"RICE,WHITE,LONG-GRAIN,REG,RAW,UNENR",11.62,365,7.13,0.66,0.64,79.95,1.3,0.12,28,0.8,25,115,115,5,1.09,0.22,1.088,15.1,0,0.07,0.049,1.6,1.014,0.164,8,0,8,8,5.8,0,0,0,0,0,0,0,0,0,0.11,0,0,0.1,0.18,0.206,0.177,0
15070,"ROCKFISH,PACIFIC,MXD SP,RAW",79.08,90,18.36,1.34,1.31,0,0,0,14,0.3,27,205,386,74,0.36,0.034,0.011,63,0,0.023,0.187,2.393,0.333,0.21,9,0,9,9,65,1.39,15,4,4,0,0,0,0,0,0.36,3.8,151,0,0.347,0.385,0.401,50
11435,"RUTABAGAS,RAW",89.43,37,1.08,0.16,0.71,8.62,2.3,4.46,43,0.44,20,53,305,12,0.24,0.032,0.131,0.7,25,0.09,0.04,0.7,0.16,0.1,21,0,21,21,14.1,0,2,0,0,0,1,1,14,19,0.3,0,0,0.3,0.027,0.025,0.088,0
15236,"SALMON,ATLANTIC,FARMED,RAW",64.89,208,20.42,13.42,1.13,0,0,0,9,0.34,27,240,363,59,0.36,0.045,0.011,24,3.9,0.207,0.155,8.672,1.547,0.636,26,0,26,26,78.5,3.23,193,58,58,0,0,0,0,0,3.55,11,441,0.5,3.05,3.77,3.886,55
15090,"SCUP,RAW",75.37,105,18.88,2.73,1.21,0,0,0,40,0.53,23,185,287,42,0.48,0.051,0.035,36.5,0,0.11,0.1,4.1,0.75,0.3,15,0,15,15,65,1.4,90,27,27,0,0,0,0,0,0.5,1.2,47,0.1,0.64,0.56,1.03,52
15091,"SEA BASS,MXD SP,RAW",78.27,97,18.43,2,1.09,0,0,0,10,0.29,41,194,256,68,0.4,0.019,0.015,36.5,0,0.11,0.12,1.6,0.75,0.4,5,0,5,5,60.8,0.3,154,46,46,0,0,0,0,0,0.84,5.6,226,0.1,0.511,0.424,0.743,41
11442,"SEAWEED,AGAR,RAW",91.32,26,0.54,0.03,1.36,6.75,0.5,0.28,54,1.86,67,5,226,9,0.58,0.061,0.373,0.7,0,0.005,0.022,0.055,0.302,0.032,85,0,85,85,6,0,0,0,0,0,0,0,0,0,0.87,0,0,2.3,0.006,0.003,0.01,0
11666,"SEAWEED,SPIRULINA,RAW",90.67,26,5.92,0.39,0.6,2.42,0.4,0.3,12,2.79,19,11,127,98,0.2,0.597,0.186,0.7,0.9,0.222,0.342,1.196,0.325,0.034,9,0,9,9,6.5,0,56,3,0,0,33,0,0,0,0.49,0,0,2.5,0.135,0.034,0.106,0
11669,"SEAWEED,WAKAME,RAW",79.99,45,3.03,0.64,7.2,9.14,0.5,0.65,150,2.18,107,80,50,872,0.38,0.284,1.4,0.7,3,0.06,0.23,1.6,0.697,0.002,196,0,196,196,13.9,0,360,18,0,0,216,0,0,0,1,0,0,5.3,0.13,0.058,0.218,0
15099,"SMELT,RAINBOW,RAW",78.77,97,17.63,2.42,1.4,0,0,0,60,0.9,30,230,290,60,1.65,0.139,0.7,36.5,0,0.01,0.12,1.45,0.638,0.15,4,0,4,4,65,3.44,50,15,15,0,0,0,0,0,0.5,0.8,31,0.1,0.452,0.641,0.885,70
16115,"SOY FLOUR,FULL-FAT,RAW",5.16,434,37.81,20.65,4.46,31.92,9.6,7.5,206,6.37,429,494,2515,13,3.92,2.92,2.275,7.5,0,0.581,1.16,4.32,1.59,0.461,345,0,345,345,190.6,0,120,6,0,0,72,0,0,0,1.95,0,0,70,2.987,4.561,11.657,0
16108,"SOYBEANS,MATURE SEEDS,RAW",8.54,446,36.49,19.94,4.87,30.16,9.3,7.33,277,15.7,280,704,1797,2,4.89,1.658,2.517,17.8,6,0.874,0.87,1.623,0.793,0.377,375,0,375,375,115.9,0,22,1,0,0,13,0,0,0,0.85,0,0,47,2.884,4.404,11.255,0
11457,"SPINACH,RAW",91.4,23,2.86,0.39,1.72,3.63,2.2,0.42,99,2.71,79,49,558,79,0.53,0.13,0.897,1,28.1,0.078,0.189,0.724,0.065,0.195,194,0,194,194,19.3,0,9377,469,0,0,5626,0,0,12198,2.03,0,0,482.9,0.063,0.01,0.165,0
11641,"SQUASH,SMMR,ALL VAR,RAW",94.64,16,1.21,0.18,0.62,3.35,1.1,2.2,15,0.35,17,38,262,2,0.29,0.051,0.175,0.2,17,0.048,0.142,0.487,0.155,0.218,29,0,29,29,6.7,0,200,10,0,0,120,0,0,2125,0.12,0,0,3,0.044,0.016,0.089,0
15175,"SQUID,MIXED SPECIES,RAW",78.55,92,15.58,1.38,1.41,3.08,0,0,32,0.68,33,221,246,44,1.53,1.891,0.035,44.8,4.7,0.02,0.412,2.175,0.5,0.056,5,0,5,5,65,1.3,33,10,10,0,0,0,0,0,1.2,0,0,0,0.358,0.107,0.524,233
9316,"STRAWBERRIES,RAW",90.95,32,0.67,0.3,0.4,7.68,2,4.89,16,0.41,13,24,153,1,0.14,0.048,0.386,0.4,58.8,0.024,0.022,0.386,0.125,0.047,24,0,24,24,5.7,0,12,1,0,0,7,0,0,26,0.29,0,0,2.2,0.015,0.043,0.155,0
15104,"STURGEON,MXD SP,RAW",76.55,105,16.14,4.04,1.1,0,0,0,13,0.7,35,211,284,54,0.42,0.041,0.025,12.6,0,0.07,0.07,8.3,0.75,0.2,15,0,15,15,56,2.2,700,210,210,0,0,0,0,0,0.5,10.3,412,0.1,0.915,1.939,0.69,60
11507,"SWEET POTATO,RAW,UNPREP",77.28,86,1.57,0.05,0.99,20.12,3,4.18,30,0.61,25,47,337,55,0.3,0.151,0.258,0.6,2.4,0.078,0.061,0.557,0.8,0.209,11,0,11,11,12.3,0,14187,709,0,7,8509,0,0,0,0.26,0,0,1.8,0.018,0.001,0.014,0
15110,"SWORDFISH,RAW",73.38,144,19.66,6.65,1.44,0,0,0,5,0.38,29,255,418,81,0.66,0.039,0.011,57.4,0,0.075,0.053,7.76,0.35,0.543,2,0,2,2,65,1.7,120,36,36,0,0,0,0,0,2.02,13.9,558,0.1,1.602,2.971,1.147,66
9221,"TANGERINE JUICE,RAW",88.9,43,0.5,0.2,0.3,10.1,0.2,9.9,18,0.2,8,14,178,1,0.03,0.025,0.037,0.1,31,0.06,0.02,0.1,0.125,0.042,5,0,5,5,6.2,0,253,13,0,14,38,214,0,166,0.13,0,0,0,0.024,0.036,0.04,0
9218,"TANGERINES,(MANDARIN ORANGES),RAW",85.17,53,0.81,0.31,0.38,13.34,1.8,10.58,37,0.15,12,20,166,2,0.07,0.042,0.039,0.1,26.7,0.058,0.036,0.376,0.216,0.078,16,0,16,16,10.2,0,681,34,0,101,155,407,0,138,0.2,0,0,0,0.039,0.06,0.065,0
11520,"TARO LEAVES,RAW",85.66,42,4.98,0.74,1.92,6.7,3.7,3.01,107,2.25,45,60,648,3,0.41,0.27,0.714,0.9,52,0.209,0.456,1.513,0.084,0.146,126,0,126,126,12.8,0,4825,241,0,0,2895,0,0,1932,2.02,0,0,108.6,0.151,0.06,0.307,0
11518,"TARO,RAW",70.64,112,1.5,0.2,1.2,26.46,4.1,0.4,43,0.55,33,84,591,11,0.23,0.172,0.383,0.7,4.5,0.095,0.025,0.6,0.303,0.283,22,0,22,22,17.3,0,76,4,0,0,35,20,0,0,2.38,0,0,1,0.041,0.016,0.083,0
11954,"TOMATILLOS,RAW",91.63,32,0.96,1.02,0.55,5.84,1.9,3.93,7,0.62,20,39,268,1,0.22,0.079,0.153,0.5,11.7,0.044,0.035,1.85,0.15,0.056,7,0,7,7,7.6,0,114,6,0,10,63,0,0,467,0.38,0,0,10.1,0.139,0.155,0.417,0
11527,"TOMATOES,GREEN,RAW",93,23,1.2,0.2,0.5,5.1,1.1,4,13,0.51,10,28,204,13,0.07,0.09,0.1,0.4,23.4,0.06,0.04,0.5,0.5,0.081,9,0,9,9,8.6,0,642,32,0,78,346,0,0,0,0.38,0,0,10.1,0.028,0.03,0.081,0
11529,"TOMATOES,RED,RIPE,RAW,YEAR RND AVERAGE",94.52,18,0.88,0.2,0.5,3.89,1.2,2.63,10,0.27,11,24,237,5,0.17,0.059,0.114,0,13.7,0.037,0.019,0.594,0.089,0.08,15,0,15,15,6.7,0,833,42,0,101,449,0,2573,123,0.54,0,0,7.9,0.028,0.031,0.083,0
19137,"TOPPINGS,STRAWBERRY",33,254,0.2,0.1,0.4,66.3,0.7,27.38,6,0.28,4,5,51,21,0.06,0.032,0.167,0.8,13.7,0.011,0.024,0.161,0.048,0.012,6,0,6,6,9.8,0,18,1,0,0,9,0,0,9,0.1,0,0,0.7,0.005,0.014,0.05,0
15114,"TROUT,MIXED SPECIES,RAW",71.42,148,20.77,6.61,1.17,0,0,0,43,1.5,22,245,361,52,0.66,0.188,0.851,12.6,0.5,0.35,0.33,4.5,1.94,0.2,13,0,13,13,65,7.79,57,17,17,0,0,0,0,0,0.2,3.9,155,0.1,1.149,3.254,1.499,58
15117,"TUNA,FRESH,BLUEFIN,RAW",68.09,144,23.33,4.9,1.18,0,0,0,8,1.02,50,254,252,39,0.6,0.086,0.015,36.5,0,0.241,0.251,8.654,1.054,0.455,2,0,2,2,65,9.43,2183,655,655,0,0,0,0,0,1,5.7,227,0,1.257,1.6,1.433,38
15127,"TUNA,FRESH,YELLOWFIN,RAW",74.03,109,24.4,0.49,1.64,0,0,0,4,0.77,35,278,441,45,0.37,0.036,0.011,90.6,0,0.118,0.115,18.475,0.28,0.933,2,0,2,2,65,2.08,60,18,18,0,0,0,0,0,0.24,1.7,69,0.1,0.172,0.116,0.147,39
5187,"Turkey from whole, dark meat, meat only, raw",76.01,108,21.28,2.5,1.03,0.15,0,0.1,11,1.04,25,176,226,124,2.59,0.092,0.014,22.4,0,0.062,0.255,5.696,0.935,0.44,7,0,7,7,69.6,2.05,43,13,13,0,0,0,0,0,0.12,0.3,13,0,0.683,0.756,0.613,79
5165,"TURKEY,WHL,MEAT & SKN,RAW",72.69,143,21.64,5.64,0.98,0.13,0,0.07,11,0.86,25,183,224,112,1.78,0.077,0.012,21.3,0,0.048,0.185,7.631,0.811,0.599,7,0,7,7,58,1.22,56,17,17,0,0,0,0,0,0.09,0.3,12,0,1.461,1.826,1.466,72
5167,"TURKEY,WHL,MEAT ONLY,RAW",75.37,112,22.64,1.93,1.04,0.14,0,0.07,11,0.86,27,190,235,118,1.84,0.079,0.012,22.6,0,0.05,0.192,8.1,0.844,0.652,7,0,7,7,60.2,1.24,30,9,9,0,0,0,0,0,0.09,0.2,8,0,0.459,0.477,0.411,67
11564,"TURNIPS,RAW",91.87,28,0.9,0.1,0.7,6.43,1.8,3.8,30,0.3,11,27,191,67,0.27,0.085,0.134,0.7,21,0.04,0.03,0.4,0.2,0.09,15,0,15,15,11.1,0,0,0,0,0,0,0,0,0,0.03,0,0,0.1,0.011,0.006,0.053,0
17116,"VEAL,SHLDR,WHL (ARM&BLD),LN&FAT,RAW",74.78,130,19.27,5.28,1.05,0,0,0,22,0.91,23,203,302,91,3.93,0.119,0.028,8.1,0,0.09,0.29,6.19,1.42,0.39,12,0,12,12,80.7,1.67,0,0,0,0,0,0,0,0,0.27,0,0,4.6,2.05,1.94,0.41,87
17134,"VEAL,SIRLOIN,LN&FAT,RAW",71.85,152,19.07,7.81,1.04,0,0,0,11,0.78,24,209,329,76,2.55,0.11,0.027,8.5,0,0.08,0.3,8.44,1.36,0.49,13,0,13,13,82.3,1.27,0,0,0,0,0,0,0,0,0.25,0,0,4.6,3.35,3.04,0.51,78
11588,"WATERCHESTNUTS,CHINESE,(MATAI),RAW",73.46,97,1.4,0.1,1.1,23.94,3,4.8,11,0.06,22,63,584,14,0.5,0.326,0.331,0.7,4,0.14,0.2,1,0.479,0.328,16,0,16,16,36.2,0,0,0,0,0,0,0,0,0,1.2,0,0,0.3,0.026,0.002,0.043,0
11591,"WATERCRESS,RAW",95.11,11,2.3,0.1,1.2,1.29,0.5,0.2,120,0.2,21,60,330,41,0.11,0.077,0.244,0.9,43,0.09,0.12,0.2,0.31,0.129,9,0,9,9,9,0,3191,160,0,0,1914,0,0,5767,1,0,0,250,0.027,0.008,0.035,0
9326,"WATERMELON,RAW",91.45,30,0.61,0.15,0.25,7.55,0.4,6.2,7,0.24,10,11,112,1,0.1,0.042,0.038,0.4,8.1,0.033,0.021,0.178,0.221,0.045,3,0,3,3,4.1,0,569,28,0,0,303,78,4532,8,0.05,0,0,0.1,0.016,0.037,0.05,0
15177,"WHELK,UNSPECIFIED,RAW",66,137,23.84,0.4,2,7.76,0,0,57,5.03,86,141,347,206,1.63,1.03,0.447,44.8,4,0.026,0.107,1.05,0.208,0.342,6,0,6,6,65,9.07,87,26,26,0,0,0,0,0,0.13,0,0,0.1,0.031,0.028,0.023,65
15130,"WHITEFISH,MXD SP,RAW",72.77,134,19.09,5.86,1.12,0,0,0,26,0.37,33,270,317,51,0.99,0.072,0.067,12.6,0,0.14,0.12,3,0.75,0.3,15,0,15,15,65,1,120,36,36,0,0,0,0,0,0.2,12,478,0.1,0.906,1.996,2.149,60
15132,"WHITING,MIXED SPECIES,RAW",80.27,90,18.31,1.31,1.3,0,0,0,48,0.34,21,222,249,72,0.88,0.031,0.104,32.1,0,0.056,0.046,1.3,0.216,0.156,13,0,13,13,65,2.3,100,30,30,0,0,0,0,0,0.3,1.4,57,0.1,0.247,0.279,0.422,67
20088,"WILD RICE,RAW",7.76,357,14.73,1.08,1.53,74.9,6.2,2.5,21,1.96,177,433,427,7,5.96,0.524,1.329,2.8,0,0.115,0.262,6.733,1.074,0.391,95,0,95,95,35,0,19,1,0,0,11,0,0,220,0.82,0,0,1.9,0.156,0.159,0.676,0
11601,"YAM,RAW",69.6,118,1.53,0.17,0.82,27.88,4.1,0.5,17,0.54,21,55,816,9,0.24,0.178,0.397,0.7,17.1,0.112,0.032,0.552,0.314,0.293,23,0,23,23,16.5,0,138,7,0,0,83,0,0,0,0.35,0,0,2.3,0.037,0.006,0.076,0
11603,"YAMBEAN (JICAMA),RAW",90.07,38,0.72,0.09,0.3,8.82,4.9,1.8,12,0.6,12,18,150,4,0.16,0.048,0.06,0.7,20.2,0.02,0.029,0.2,0.135,0.042,12,0,12,12,13.6,0,21,1,0,0,13,0,0,0,0.46,0,0,0.3,0.021,0.005,0.043,0
2047,"SALT,TABLE",0.2,0,0,0,99.8,0,0,0,24,0.33,1,0,8,38758,0.1,0.03,0.1,0.1,0,0,0,0,0,0,0,0,0,0,0,0,0,0,0,0,0,0,0,0,0,0,0,0,0,0,0,0
2048,"VINEGAR,CIDER",93.81,21,0,0,0.17,0.93,0,0.4,7,0.2,5,8,73,5,0.04,0.008,0.249,0.1,0,0,0,0,0,0,0,0,0,0,0,0,0,0,0,0,0,0,0,0,0,0,0,0,0,0,0,0
2053,"VINEGAR,DISTILLED",94.78,18,0,0,0.02,0.04,0,0.04,6,0.03,1,4,2,2,0.01,0.006,0.055,0.5,0,0,0,0,0,0,0,0,0,0,0,0,0,0,0,0,0,0,0,0,0,0,0,0,0,0,0,0
2054,"CAPERS,CANNED",83.85,23,2.36,0.86,8.04,4.89,3.2,0.41,40,1.67,33,10,40,2348,0.32,0.374,0.078,1.2,4.3,0.018,0.139,0.652,0.027,0.023,23,0,23,23,6.5,0,138,7,0,0,83,0,0,0,0.88,0,0,24.6,0.233,0.063,0.304,0
2055,"HORSERADISH,PREPARED",85.08,48,1.18,0.69,1.76,11.29,3.3,7.99,56,0.42,27,31,246,420,0.83,0.058,0.126,2.8,24.9,0.008,0.024,0.386,0.093,0.073,57,0,57,57,6.5,0,2,0,0,0,1,0,0,10,0.01,0,0,1.3,0.09,0.13,0.339,0
1287,"YOGURT,GREEK,PLN,LOWFAT",83.56,73,9.95,1.92,0.63,3.94,0,3.56,115,0.04,11,137,141,34,0.6,0.021,0.007,12.4,0.8,0.044,0.233,0.197,0.47,0.055,12,0,12,12,15.2,0.52,309,90,90,0,6,0,0,1,0.04,0,0,0.2,1.23,0.486,0.076,10
1004,"CHEESE,BLUE",42.41,353,21.4,28.74,5.11,2.34,0,0.5,528,0.31,23,387,256,1146,2.66,0.04,0.009,14.5,0,0.029,0.382,1.016,1.729,0.166,36,0,36,36,15.4,1.22,721,198,192,0,74,0,0,0,0.25,0.5,21,2.4,18.669,7.778,0.8,75
1005,"CHEESE,BRICK",41.11,371,23.24,29.68,3.18,2.79,0,0.51,674,0.43,24,451,136,560,2.6,0.024,0.012,14.5,0,0.014,0.351,0.118,0.288,0.065,20,0,20,20,15.4,1.26,1080,292,286,0,76,0,0,0,0.26,0.5,22,2.5,18.764,8.598,0.784,94
1006,"CHEESE,BRIE",48.42,334,20.75,27.68,2.7,0.45,0,0.45,184,0.5,20,188,152,629,2.38,0.019,0.034,14.5,0,0.07,0.52,0.38,0.69,0.235,65,0,65,65,15.4,1.65,592,174,173,0,9,0,0,0,0.24,0.5,20,2.3,17.41,8.013,0.826,100
1007,"CHEESE,CAMEMBERT",51.8,300,19.8,24.26,3.68,0.46,0,0.46,388,0.33,20,347,187,842,2.38,0.021,0.038,14.5,0,0.028,0.488,0.63,1.364,0.227,62,0,62,62,15.4,1.3,820,241,240,0,12,0,0,0,0.21,0.4,18,2,15.259,7.023,0.724,72
1019,"CHEESE,FETA",55.22,264,14.21,21.28,5.2,4.09,0,4.09,493,0.65,19,337,62,917,2.88,0.032,0.028,15,0,0.154,0.844,0.991,0.967,0.424,32,0,32,32,15.4,1.69,422,125,125,0,3,0,0,0,0.18,0.4,16,1.8,14.946,4.623,0.591,89
1077,"MILK,WHL,3.25% MILKFAT,W/ ADDED VITAMIN D",88.13,61,3.15,3.25,0.67,4.8,0,5.05,113,0.03,10,84,132,43,0.37,0.025,0.004,3.7,0,0.046,0.169,0.089,0.373,0.036,5,0,5,5,14.3,0.45,162,46,45,0,7,0,0,0,0.07,1.3,51,0.3,1.865,0.812,0.195,10
1001,"BUTTER,WITH SALT",15.87,717,0.85,81.11,2.11,0.06,0,0.06,24,0.02,2,24,24,643,0.09,0,0,1,0,0.005,0.034,0.042,0.11,0.003,3,0,3,3,18.8,0.17,2499,684,671,0,158,0,0,0,2.32,0,0,7,51.368,21.021,3.043,215
1002,"BUTTER,WHIPPED,W/ SALT",16.72,718,0.49,78.3,1.62,2.87,0,0.06,23,0.05,1,24,41,583,0.05,0.01,0.001,0,0,0.007,0.064,0.022,0.097,0.008,4,0,4,4,18.8,0.07,2468,683,671,1,135,6,0,13,1.37,0,0,4.6,45.39,19.874,3.331,225
4053,"OIL,OLIVE,SALAD OR COOKING",0,884,0,100,0,0,0,0,1,0.56,0,0,1,2,0,0,0,0,0,0,0,0,0,0,0,0,0,0,0.3,0,0,0,0,0,0,0,0,0,14.35,0,0,60.2,13.808,72.961,10.523,0
14006,"ALCOHOLIC BEV,BEER,LT",94.88,29,0.24,0,0.09,1.64,0,0.09,4,0.03,5,12,21,4,0.01,0.006,0.006,0.4,0,0.005,0.015,0.391,0.03,0.034,6,0,6,6,8.8,0.02,0,0,0,0,0,0,0,0,0,0,0,0,0,0,0,0
14003,"ALCOHOLIC BEV,BEER,REG,ALL",91.96,43,0.46,0,0.16,3.55,0,0,4,0.02,6,14,27,4,0.01,0.005,0.008,0.6,0,0.005,0.025,0.513,0.041,0.046,6,0,6,6,10.1,0.02,0,0,0,0,0,0,0,0,0,0,0,0,0,0,0,0
14049,"ALCOHOLIC BEV,DISTILLED,GIN,90 PROOF",62.1,263,0,0,0,0,0,0,0,0,0,0,0,2,0,0.004,0,0,0,0,0,0,0,0,0,0,0,0,0,0,0,0,0,0,0,0,0,0,0,0,0,0,0,0,0,0
14050,"ALCOHOLIC BEV,DISTILLED,RUM,80 PROOF",66.6,231,0,0,0.01,0,0,0,0,0.12,0,5,2,1,0.07,0.05,0.018,0,0,0.008,0,0,0,0,0,0,0,0,0,0,0,0,0,0,0,0,0,0,0,0,0,0,0,0,0,0
14096,"ALCOHOLIC BEV,WINE,TABLE,RED",86.49,85,0.07,0,0.28,2.61,0,0.62,8,0.46,12,23,127,4,0.14,0.011,0.132,0.2,0,0.005,0.031,0.224,0.03,0.057,1,0,1,1,5.7,0,2,0,0,0,1,0,0,6,0,0,0,0.4,0,0,0,0
14106,"ALCOHOLIC BEV,WINE,TABLE,WHITE",86.86,82,0.07,0,0.2,2.6,0,0.96,9,0.27,10,18,71,5,0.12,0.004,0.117,0.1,0,0.005,0.015,0.108,0.045,0.05,1,0,1,1,4.3,0,0,0,0,0,0,0,0,0,0,0,0,0.4,0,0,0,0
14253,"ALCOHOLIC BEVERAGES,WINE,ROSE",86.4,83,0.36,0,0.16,3.8,0,3.8,10,0.2,10,18,59,5,0.11,0.005,0.131,0.2,0,0.02,0.015,0.09,0.148,0.037,1,0,1,1,0,0.01,0,0,0,0,0,0,0,0,0,0,0,0,0,0,0,0
19334,"SUGARS,BROWN",1.34,380,0.12,0,0.45,98.09,0,97.02,83,0.71,9,4,133,28,0.03,0.047,0.064,1.2,0,0,0,0.11,0.132,0.041,1,0,1,1,2.3,0,0,0,0,0,0,0,0,0,0,0,0,0,0,0,0,0
19336,"SUGARS,POWDERED",0.23,389,0,0,0.01,99.77,0,97.81,1,0.06,0,0,2,2,0.01,0.007,0.004,0.6,0,0,0.019,0,0,0,0,0,0,0,0,0,0,0,0,0,0,0,0,0,0,0,0,0,0,0,0,0
