NDB_No;FdGrp_Cd
01001;0100
01002;0100
01003;0100
01004;0100
01005;0100
01006;0100
01007;0100
01008;0100
01009;0100
01010;0100
01011;0100
01012;0100
01013;0100
01014;0100
01015;0100
01016;0100
01017;0100
01018;0100
01019;0100
01020;0100
01021;0100
01022;0100
01023;0100
01024;0100
01025;0100
01026;0100
01027;0100
01028;0100
01029;0100
01030;0100
01031;0100
01032;0100
01033;0100
01034;0100
01035;0100
01036;0100
01037;0100
01038;0100
01039;0100
01040;0100
01041;0100
01042;0100
01043;0100
01044;0100
01045;0100
01046;0100
01047;0100
01048;0100
01049;0100
01050;0100
01052;0100
01053;0100
01054;0100
01055;0100
01056;0100
01057;0100
01058;0100
01059;0100
01060;0100
01061;0100
01067;0100
01068;0100
01069;0100
01070;0100
01071;0100
01072;0100
01073;0100
01074;0100
01076;0100
01077;0100
01078;0100
01079;0100
01080;0100
01081;0100
01082;0100
01083;0100
01084;0100
01085;0100
01086;0100
01087;0100
01088;0100
01089;0100
01090;0100
01091;0100
01092;0100
01093;0100
01094;0100
01095;0100
01096;0100
01097;0100
01102;0100
01103;0100
01104;0100
01105;0100
01106;0100
01107;0100
01108;0100
01109;0100
01110;0100
01111;0100
01112;0100
01113;0100
01114;0100
01115;0100
01116;0100
01117;0100
01118;0100
01119;0100
01120;0100
01121;0100
01122;0100
01123;0100
01124;0100
01125;0100
01126;0100
01127;0100
01128;0100
01129;0100
01130;0100
01131;0100
01132;0100
01133;0100
01134;0100
01135;0100
01136;0100
01137;0100
01138;0100
01139;0100
01140;0100
01141;0100
01144;0100
01145;0100
01146;0100
01151;0100
01152;0100
01153;0100
01154;0100
01155;0100
01156;0100
01157;0100
01159;0100
01160;0100
01161;0100
01164;0100
01165;0100
01166;0100
01167;0100
01168;0100
01169;0100
01171;0100
01172;0100
01173;0100
01174;0100
01175;0100
01178;0100
01179;0100
01180;0100
01182;0100
01184;0100
01185;0100
01186;0100
01187;0100
01188;0100
01189;0100
01190;0100
01191;0100
01192;0100
01193;0100
01194;0100
01199;0100
01200;0100
01202;0100
01203;0100
01204;0100
01205;0100
01206;0100
01208;0100
01209;0100
01210;0100
01211;0100
01212;0100
01214;0100
01215;0100
01216;0100
01217;0100
01218;0100
01219;0100
01220;0100
01221;0100
01222;0100
01223;0100
01224;0100
01225;0100
01226;0100
01227;0100
01228;0100
01229;0100
01230;0100
01231;0100
01235;0100
01236;0100
01237;0100
01238;0100
01239;0100
01240;0100
01241;0100
01242;0100
01243;0100
01244;0100
01250;0100
01251;0100
01252;0100
01253;0100
01254;0100
01255;0100
01256;0100
01258;0100
01259;0100
01260;0100
01263;0100
01264;0100
01265;0100
01266;0100
01267;0100
01270;0100
01271;0100
01275;0100
01276;0100
01278;0100
01280;0100
01281;0100
01284;0100
01285;0100
01286;0100
01287;0100
01289;0100
01290;0100
01291;0100
01292;0100
01293;0100
01294;0100
01295;0100
01297;0100
01298;0100
01300;0100
01301;0100
01302;0100
01303;0100
01305;0100
01306;0100
02001;0200
02002;0200
02003;0200
02004;0200
02005;0200
02006;0200
02007;0200
02008;0200
02009;0200
02010;0200
02011;0200
02012;0200
02013;0200
02014;0200
02015;0200
02016;0200
02017;0200
02018;0200
02019;0200
02020;0200
02021;0200
02022;0200
02023;0200
02024;0200
02025;0200
02026;0200
02027;0200
02028;0200
02029;0200
02030;0200
02031;0200
02032;0200
02033;0200
02034;0200
02035;0200
02036;0200
02037;0200
02038;0200
02039;0200
02041;0200
02042;0200
02043;0200
02044;0200
02045;0200
02046;0200
02047;0200
02048;0200
02049;0200
02050;0200
02051;0200
02052;0200
02053;0200
02054;0200
02055;0200
02063;0200
02064;0200
02065;0200
02066;0200
02068;0200
02069;0200
02073;0200
02074;0200
02075;0200
02076;0200
03000;0300
03001;0300
03002;0300
03003;0300
03005;0300
03007;0300
03008;0300
03009;0300
03010;0300
03011;0300
03012;0300
03013;0300
03014;0300
03015;0300
03016;0300
03017;0300
03019;0300
03021;0300
03022;0300
03023;0300
03024;0300
03025;0300
03026;0300
03041;0300
03042;0300
03043;0300
03044;0300
03045;0300
03046;0300
03047;0300
03048;0300
03049;0300
03050;0300
03051;0300
03052;0300
03053;0300
03054;0300
03055;0300
03059;0300
03061;0300
03062;0300
03066;0300
03067;0300
03068;0300
03069;0300
03070;0300
03072;0300
03073;0300
03075;0300
03076;0300
03077;0300
03079;0300
03081;0300
03082;0300
03083;0300
03084;0300
03085;0300
03089;0300
03090;0300
03091;0300
03092;0300
03093;0300
03096;0300
03098;0300
03099;0300
03100;0300
03104;0300
03105;0300
03108;0300
03109;0300
03112;0300
03114;0300
03115;0300
03116;0300
03117;0300
03118;0300
03119;0300
03120;0300
03121;0300
03122;0300
03127;0300
03128;0300
03129;0300
03130;0300
03131;0300
03132;0300
03133;0300
03134;0300
03135;0300
03136;0300
03137;0300
03139;0300
03140;0300
03141;0300
03142;0300
03143;0300
03144;0300
03145;0300
03147;0300
03150;0300
03151;0300
03152;0300
03153;0300
03154;0300
03156;0300
03157;0300
03158;0300
03159;0300
03160;0300
03161;0300
03162;0300
03163;0300
03164;0300
03165;0300
03166;0300
03167;0300
03168;0300
03169;0300
03170;0300
03171;0300
03172;0300
03173;0300
03174;0300
03175;0300
03176;0300
03177;0300
03178;0300
03179;0300
03181;0300
03184;0300
03185;0300
03186;0300
03187;0300
03188;0300
03189;0300
03190;0300
03191;0300
03192;0300
03193;0300
03194;0300
03195;0300
03197;0300
03198;0300
03199;0300
03201;0300
03205;0300
03206;0300
03209;0300
03211;0300
03212;0300
03213;0300
03214;0300
03215;0300
03216;0300
03217;0300
03220;0300
03221;0300
03222;0300
03224;0300
03225;0300
03226;0300
03227;0300
03228;0300
03229;0300
03230;0300
03233;0300
03235;0300
03236;0300
03238;0300
03245;0300
03246;0300
03265;0300
03267;0300
03268;0300
03269;0300
03274;0300
03278;0300
03279;0300
03280;0300
03282;0300
03283;0300
03286;0300
03287;0300
03289;0300
03290;0300
03293;0300
03296;0300
03297;0300
03298;0300
03301;0300
03302;0300
03303;0300
03304;0300
03681;0300
03682;0300
03685;0300
03686;0300
03689;0300
03690;0300
03693;0300
03694;0300
03696;0300
03704;0300
03711;0300
03712;0300
03800;0300
03801;0300
03802;0300
03803;0300
03805;0300
03806;0300
03808;0300
03809;0300
03812;0300
03813;0300
03814;0300
03815;0300
03816;0300
03818;0300
03819;0300
03820;0300
03821;0300
03822;0300
03823;0300
03824;0300
03825;0300
03826;0300
03827;0300
03830;0300
03832;0300
03837;0300
03838;0300
03839;0300
03840;0300
03841;0300
03842;0300
03843;0300
03844;0300
03845;0300
03846;0300
03849;0300
03850;0300
03851;0300
03852;0300
03853;0300
03854;0300
03855;0300
03856;0300
03857;0300
03858;0300
03859;0300
03860;0300
03861;0300
03864;0300
03867;0300
03868;0300
03869;0300
03870;0300
03900;0300
03901;0300
03913;0300
03925;0300
03926;0300
03928;0300
03929;0300
03930;0300
03934;0300
03935;0300
03936;0300
03937;0300
03938;0300
03939;0300
03940;0300
03941;0300
03942;0300
03943;0300
03944;0300
03945;0300
03946;0300
03947;0300
03948;0300
03949;0300
03950;0300
03951;0300
03952;0300
03953;0300
03954;0300
03955;0300
03956;0300
03957;0300
03959;0300
03960;0300
03961;0300
03963;0300
03964;0300
03965;0300
03966;0300
03967;0300
03968;0300
03980;0300
03981;0300
03982;0300
03983;0300
03984;0300
03985;0300
03986;0300
03987;0300
03988;0300
03989;0300
03990;0300
03991;0300
03992;0300
03993;0300
03994;0300
03995;0300
03996;0300
03997;0300
03998;0300
03999;0300
04001;0400
04002;0400
04011;0400
04013;0400
04014;0400
04015;0400
04016;0400
04017;0400
04018;0400
04020;0400
04021;0400
04022;0400
04023;0400
04025;0400
04026;0400
04027;0400
04028;0400
04029;0400
04030;0400
04031;0400
04034;0400
04037;0400
04038;0400
04042;0400
04044;0400
04047;0400
04053;0400
04055;0400
04058;0400
04060;0400
04073;0400
04114;0400
04120;0400
04128;0400
04133;0400
04135;0400
04141;0400
04142;0400
04143;0400
04144;0400
04145;0400
04146;0400
04367;0400
04501;0400
04502;0400
04506;0400
04510;0400
04511;0400
04513;0400
04514;0400
04515;0400
04516;0400
04517;0400
04518;0400
04520;0400
04528;0400
04529;0400
04530;0400
04531;0400
04532;0400
04534;0400
04536;0400
04539;0400
04541;0400
04542;0400
04543;0400
04544;0400
04545;0400
04546;0400
04548;0400
04549;0400
04550;0400
04551;0400
04554;0400
04556;0400
04559;0400
04560;0400
04570;0400
04572;0400
04573;0400
04574;0400
04575;0400
04576;0400
04581;0400
04582;0400
04583;0400
04584;0400
04585;0400
04586;0400
04587;0400
04588;0400
04589;0400
04590;0400
04591;0400
04592;0400
04593;0400
04594;0400
04595;0400
04600;0400
04601;0400
04602;0400
04606;0400
04609;0400
04610;0400
04611;0400
04612;0400
04613;0400
04614;0400
04615;0400
04617;0400
04618;0400
04620;0400
04624;0400
04626;0400
04627;0400
04628;0400
04629;0400
04630;0400
04631;0400
04633;0400
04634;0400
04635;0400
04636;0400
04638;0400
04639;0400
04640;0400
04641;0400
04642;0400
04643;0400
04644;0400
04645;0400
04646;0400
04648;0400
04649;0400
04650;0400
04651;0400
04652;0400
04653;0400
04654;0400
04655;0400
04656;0400
04657;0400
04658;0400
04659;0400
04660;0400
04661;0400
04662;0400
04663;0400
04664;0400
04665;0400
04666;0400
04667;0400
04668;0400
04669;0400
04670;0400
04673;0400
04674;0400
04675;0400
04676;0400
04677;0400
04678;0400
04679;0400
04683;0400
04684;0400
04685;0400
04686;0400
04687;0400
04688;0400
04689;0400
04690;0400
04691;0400
04692;0400
04693;0400
04694;0400
04695;0400
04696;0400
04697;0400
04698;0400
04699;0400
04700;0400
04701;0400
04702;0400
04703;0400
04704;0400
04705;0400
04706;0400
04707;0400
04708;0400
04709;0400
05000;0500
05001;0500
05002;0500
05003;0500
05004;0500
05005;0500
05006;0500
05007;0500
05008;0500
05009;0500
05010;0500
05011;0500
05012;0500
05013;0500
05014;0500
05015;0500
05016;0500
05017;0500
05018;0500
05019;0500
05020;0500
05021;0500
05022;0500
05023;0500
05024;0500
05025;0500
05026;0500
05027;0500
05028;0500
05029;0500
05030;0500
05031;0500
05032;0500
05033;0500
05034;0500
05035;0500
05036;0500
05037;0500
05038;0500
05039;0500
05040;0500
05041;0500
05042;0500
05043;0500
05044;0500
05045;0500
05046;0500
05047;0500
05048;0500
05049;0500
05050;0500
05051;0500
05052;0500
05053;0500
05054;0500
05055;0500
05056;0500
05057;0500
05058;0500
05059;0500
05060;0500
05061;0500
05062;0500
05063;0500
05064;0500
05065;0500
05066;0500
05067;0500
05068;0500
05069;0500
05070;0500
05071;0500
05072;0500
05073;0500
05074;0500
05075;0500
05076;0500
05077;0500
05078;0500
05079;0500
05080;0500
05081;0500
05082;0500
05083;0500
05084;0500
05085;0500
05086;0500
05087;0500
05088;0500
05089;0500
05090;0500
05091;0500
05092;0500
05093;0500
05094;0500
05095;0500
05096;0500
05097;0500
05098;0500
05099;0500
05100;0500
05101;0500
05102;0500
05103;0500
05104;0500
05105;0500
05106;0500
05107;0500
05108;0500
05109;0500
05110;0500
05111;0500
05112;0500
05113;0500
05114;0500
05115;0500
05116;0500
05117;0500
05118;0500
05119;0500
05120;0500
05121;0500
05122;0500
05123;0500
05124;0500
05125;0500
05126;0500
05127;0500
05128;0500
05129;0500
05130;0500
05131;0500
05132;0500
05133;0500
05134;0500
05135;0500
05136;0500
05137;0500
05138;0500
05139;0500
05140;0500
05141;0500
05142;0500
05143;0500
05144;0500
05145;0500
05146;0500
05147;0500
05148;0500
05149;0500
05150;0500
05151;0500
05152;0500
05153;0500
05154;0500
05155;0500
05156;0500
05157;0500
05158;0500
05159;0500
05160;0500
05161;0500
05162;0500
05165;0500
05166;0500
05167;0500
05168;0500
05169;0500
05170;0500
05171;0500
05172;0500
05173;0500
05174;0500
05175;0500
05176;0500
05177;0500
05178;0500
05179;0500
05180;0500
05181;0500
05182;0500
05183;0500
05184;0500
05185;0500
05186;0500
05187;0500
05188;0500
05190;0500
05191;0500
05192;0500
05193;0500
05194;0500
05195;0500
05196;0500
05200;0500
05215;0500
05216;0500
05219;0500
05220;0500
05227;0500
05228;0500
05236;0500
05277;0500
05282;0500
05284;0500
05285;0500
05286;0500
05293;0500
05294;0500
05295;0500
05300;0500
05301;0500
05302;0500
05303;0500
05304;0500
05305;0500
05306;0500
05307;0500
05308;0500
05309;0500
05310;0500
05311;0500
05312;0500
05313;0500
05314;0500
05315;0500
05316;0500
05317;0500
05318;0500
05319;0500
05320;0500
05323;0500
05324;0500
05326;0500
05327;0500
05332;0500
05333;0500
05334;0500
05335;0500
05336;0500
05337;0500
05338;0500
05339;0500
05341;0500
05342;0500
05343;0500
05344;0500
05345;0500
05346;0500
05347;0500
05348;0500
05349;0500
05351;0500
05352;0500
05353;0500
05354;0500
05356;0500
05357;0500
05358;0500
05359;0500
05361;0500
05362;0500
05363;0500
05600;0500
05621;0500
05622;0500
05623;0500
05624;0500
05625;0500
05626;0500
05627;0500
05628;0500
05629;0500
05630;0500
05631;0500
05632;0500
05641;0500
05642;0500
05643;0500
05644;0500
05645;0500
05646;0500
05647;0500
05648;0500
05649;0500
05650;0500
05651;0500
05652;0500
05653;0500
05654;0500
05655;0500
05656;0500
05657;0500
05658;0500
05661;0500
05662;0500
05663;0500
05664;0500
05665;0500
05666;0500
05667;0500
05668;0500
05669;0500
05670;0500
05671;0500
05672;0500
05673;0500
05674;0500
05675;0500
05676;0500
05677;0500
05678;0500
05679;0500
05680;0500
05681;0500
05682;0500
05683;0500
05684;0500
05685;0500
05686;0500
05687;0500
05688;0500
05689;0500
05690;0500
05691;0500
05692;0500
05693;0500
05694;0500
05695;0500
05696;0500
05697;0500
05698;0500
05699;0500
05700;0500
05701;0500
05702;0500
05703;0500
05704;0500
05705;0500
05706;0500
05707;0500
05708;0500
05709;0500
05710;0500
05711;0500
05712;0500
05713;0500
05714;0500
05715;0500
05716;0500
05717;0500
05718;0500
05719;0500
05720;0500
05721;0500
05722;0500
05723;0500
05724;0500
05725;0500
05726;0500
05727;0500
05728;0500
05729;0500
05730;0500
05732;0500
05733;0500
05734;0500
05735;0500
05736;0500
05737;0500
05738;0500
05739;0500
05740;0500
05741;0500
05742;0500
05743;0500
05744;0500
05745;0500
05746;0500
05747;0500
05748;0500
05749;0500
06001;0600
06002;0600
06003;0600
06004;0600
06006;0600
06007;0600
06008;0600
06009;0600
06010;0600
06011;0600
06013;0600
06014;0600
06015;0600
06016;0600
06017;0600
06018;0600
06019;0600
06022;0600
06023;0600
06024;0600
06025;0600
06026;0600
06027;0600
06028;0600
06029;0600
06030;0600
06032;0600
06037;0600
06038;0600
06039;0600
06040;0600
06041;0600
06042;0600
06043;0600
06044;0600
06045;0600
06046;0600
06047;0600
06048;0600
06049;0600
06050;0600
06051;0600
06053;0600
06054;0600
06056;0600
06057;0600
06058;0600
06061;0600
06062;0600
06063;0600
06064;0600
06067;0600
06068;0600
06070;0600
06071;0600
06072;0600
06075;0600
06076;0600
06080;0600
06081;0600
06082;0600
06084;0600
06091;0600
06094;0600
06097;0600
06101;0600
06112;0600
06114;0600
06115;0600
06116;0600
06117;0600
06118;0600
06119;0600
06120;0600
06121;0600
06122;0600
06123;0600
06124;0600
06125;0600
06126;0600
06127;0600
06128;0600
06142;0600
06143;0600
06145;0600
06146;0600
06147;0600
06149;0600
06150;0600
06151;0600
06152;0600
06158;0600
06159;0600
06164;0600
06165;0600
06166;0600
06167;0600
06168;0600
06169;0600
06170;0600
06172;0600
06174;0600
06175;0600
06176;0600
06177;0600
06178;0600
06179;0600
06180;0600
06182;0600
06183;0600
06188;0600
06189;0600
06190;0600
06192;0600
06193;0600
06194;0600
06195;0600
06201;0600
06208;0600
06209;0600
06210;0600
06211;0600
06212;0600
06213;0600
06214;0600
06215;0600
06216;0600
06217;0600
06218;0600
06219;0600
06220;0600
06221;0600
06222;0600
06223;0600
06224;0600
06225;0600
06226;0600
06228;0600
06229;0600
06230;0600
06231;0600
06232;0600
06233;0600
06234;0600
06235;0600
06236;0600
06237;0600
06239;0600
06240;0600
06241;0600
06242;0600
06243;0600
06244;0600
06245;0600
06246;0600
06248;0600
06249;0600
06250;0600
06251;0600
06252;0600
06253;0600
06256;0600
06264;0600
06285;0600
06307;0600
06309;0600
06311;0600
06312;0600
06314;0600
06315;0600
06316;0600
06317;0600
06318;0600
06319;0600
06320;0600
06321;0600
06322;0600
06323;0600
06324;0600
06325;0600
06326;0600
06327;0600
06328;0600
06329;0600
06330;0600
06331;0600
06332;0600
06333;0600
06334;0600
06336;0600
06337;0600
06338;0600
06339;0600
06340;0600
06341;0600
06342;0600
06343;0600
06349;0600
06350;0600
06351;0600
06353;0600
06354;0600
06355;0600
06357;0600
06358;0600
06359;0600
06361;0600
06363;0600
06364;0600
06365;0600
06366;0600
06367;0600
06373;0600
06374;0600
06375;0600
06377;0600
06379;0600
06380;0600
06383;0600
06384;0600
06387;0600
06388;0600
06389;0600
06391;0600
06392;0600
06393;0600
06395;0600
06396;0600
06398;0600
06399;0600
06400;0600
06401;0600
06402;0600
06403;0600
06404;0600
06405;0600
06406;0600
06408;0600
06409;0600
06410;0600
06411;0600
06413;0600
06414;0600
06415;0600
06416;0600
06417;0600
06418;0600
06419;0600
06423;0600
06426;0600
06428;0600
06429;0600
06430;0600
06431;0600
06432;0600
06433;0600
06434;0600
06437;0600
06438;0600
06439;0600
06440;0600
06441;0600
06442;0600
06443;0600
06444;0600
06446;0600
06447;0600
06448;0600
06449;0600
06451;0600
06453;0600
06454;0600
06456;0600
06457;0600
06459;0600
06461;0600
06462;0600
06463;0600
06465;0600
06466;0600
06468;0600
06470;0600
06471;0600
06472;0600
06475;0600
06476;0600
06480;0600
06481;0600
06482;0600
06483;0600
06487;0600
06494;0600
06497;0600
06498;0600
06502;0600
06503;0600
06504;0600
06505;0600
06509;0600
06528;0600
06529;0600
06537;0600
06541;0600
06543;0600
06544;0600
06545;0600
06546;0600
06547;0600
06548;0600
06549;0600
06558;0600
06559;0600
06580;0600
06583;0600
06584;0600
06585;0600
06586;0600
06587;0600
06588;0600
06589;0600
06590;0600
06592;0600
06594;0600
06595;0600
06596;0600
06597;0600
06598;0600
06599;0600
06600;0600
06601;0600
06602;0600
06603;0600
06604;0600
06605;0600
06609;0600
06611;0600
06615;0600
06617;0600
06618;0600
06619;0600
06620;0600
06621;0600
06622;0600
06623;0600
06624;0600
06625;0600
06626;0600
06627;0600
06628;0600
06629;0600
06630;0600
06631;0600
06632;0600
06633;0600
06700;0600
06720;0600
06725;0600
06726;0600
06728;0600
06729;0600
06730;0600
06731;0600
06733;0600
06734;0600
06736;0600
06738;0600
06739;0600
06740;0600
06742;0600
06748;0600
06749;0600
06930;0600
06931;0600
06932;0600
06955;0600
06956;0600
06957;0600
06958;0600
06959;0600
06960;0600
06961;0600
06962;0600
06963;0600
06964;0600
06965;0600
06966;0600
06967;0600
06968;0600
06969;0600
06970;0600
06971;0600
06972;0600
06974;0600
06976;0600
06977;0600
06978;0600
06980;0600
06981;0600
06982;0600
06983;0600
06984;0600
06985;0600
06986;0600
06987;0600
06988;0600
06989;0600
06990;0600
06991;0600
06992;0600
06994;0600
06995;0600
06996;0600
06997;0600
06998;0600
06999;0600
07001;0700
07002;0700
07003;0700
07004;0700
07005;0700
07006;0700
07007;0700
07008;0700
07010;0700
07011;0700
07013;0700
07014;0700
07015;0700
07016;0700
07018;0700
07019;0700
07020;0700
07021;0700
07022;0700
07024;0700
07025;0700
07026;0700
07027;0700
07028;0700
07029;0700
07030;0700
07031;0700
07032;0700
07033;0700
07034;0700
07036;0700
07038;0700
07039;0700
07040;0700
07041;0700
07043;0700
07044;0700
07045;0700
07046;0700
07050;0700
07051;0700
07052;0700
07053;0700
07054;0700
07055;0700
07056;0700
07057;0700
07058;0700
07059;0700
07060;0700
07061;0700
07062;0700
07063;0700
07064;0700
07065;0700
07066;0700
07067;0700
07068;0700
07069;0700
07070;0700
07071;0700
07072;0700
07073;0700
07074;0700
07075;0700
07077;0700
07078;0700
07081;0700
07083;0700
07088;0700
07089;0700
07090;0700
07091;0700
07201;0700
07207;0700
07209;0700
07212;0700
07230;0700
07236;0700
07241;0700
07254;0700
07278;0700
07900;0700
07901;0700
07905;0700
07906;0700
07907;0700
07908;0700
07909;0700
07910;0700
07911;0700
07912;0700
07913;0700
07914;0700
07915;0700
07916;0700
07917;0700
07918;0700
07919;0700
07920;0700
07921;0700
07922;0700
07923;0700
07924;0700
07925;0700
07926;0700
07927;0700
07928;0700
07929;0700
07930;0700
07931;0700
07932;0700
07933;0700
07934;0700
07935;0700
07936;0700
07937;0700
07938;0700
07939;0700
07940;0700
07941;0700
07942;0700
07943;0700
07944;0700
07945;0700
07949;0700
07950;0700
07951;0700
07952;0700
07953;0700
07954;0700
07955;0700
07956;0700
07957;0700
07958;0700
07959;0700
07960;0700
07961;0700
07962;0700
07963;0700
07964;0700
07965;0700
07966;0700
07967;0700
07968;0700
07969;0700
07970;0700
07971;0700
07972;0700
07973;0700
07974;0700
07976;0700
07977;0700
07978;0700
07979;0700
08001;0800
08002;0800
08003;0800
08005;0800
08010;0800
08011;0800
08012;0800
08013;0800
08014;0800
08015;0800
08017;0800
08018;0800
08019;0800
08020;0800
08023;0800
08025;0800
08028;0800
08029;0800
08030;0800
08031;0800
08032;0800
08034;0800
08035;0800
08037;0800
08038;0800
08039;0800
08045;0800
08046;0800
08047;0800
08048;0800
08049;0800
08050;0800
08054;0800
08057;0800
08058;0800
08059;0800
08060;0800
08061;0800
08064;0800
08065;0800
08066;0800
08067;0800
08068;0800
08069;0800
08071;0800
08073;0800
08074;0800
08077;0800
08078;0800
08081;0800
08082;0800
08083;0800
08084;0800
08085;0800
08087;0800
08089;0800
08090;0800
08091;0800
08092;0800
08093;0800
08094;0800
08096;0800
08100;0800
08101;0800
08102;0800
08103;0800
08104;0800
08105;0800
08106;0800
08107;0800
08113;0800
08116;0800
08120;0800
08121;0800
08122;0800
08123;0800
08124;0800
08128;0800
08129;0800
08130;0800
08132;0800
08133;0800
08138;0800
08142;0800
08143;0800
08144;0800
08145;0800
08146;0800
08147;0800
08148;0800
08156;0800
08157;0800
08159;0800
08160;0800
08161;0800
08164;0800
08165;0800
08168;0800
08169;0800
08172;0800
08173;0800
08177;0800
08180;0800
08182;0800
08183;0800
08189;0800
08191;0800
08192;0800
08194;0800
08200;0800
08202;0800
08204;0800
08206;0800
08210;0800
08211;0800
08214;0800
08215;0800
08216;0800
08218;0800
08220;0800
08221;0800
08225;0800
08228;0800
08231;0800
08236;0800
08239;0800
08240;0800
08243;0800
08244;0800
08245;0800
08247;0800
08249;0800
08252;0800
08259;0800
08261;0800
08262;0800
08263;0800
08267;0800
08268;0800
08270;0800
08271;0800
08272;0800
08273;0800
08274;0800
08277;0800
08284;0800
08286;0800
08288;0800
08290;0800
08305;0800
08309;0800
08314;0800
08316;0800
08318;0800
08319;0800
08346;0800
08347;0800
08348;0800
08349;0800
08351;0800
08352;0800
08353;0800
08354;0800
08355;0800
08363;0800
08365;0800
08366;0800
08370;0800
08376;0800
08380;0800
08383;0800
08384;0800
08386;0800
08387;0800
08388;0800
08389;0800
08390;0800
08393;0800
08402;0800
08409;0800
08410;0800
08411;0800
08417;0800
08435;0800
08436;0800
08444;0800
08449;0800
08450;0800
08451;0800
08452;0800
08453;0800
08459;0800
08462;0800
08463;0800
08469;0800
08471;0800
08476;0800
08478;0800
08481;0800
08484;0800
08487;0800
08488;0800
08489;0800
08491;0800
08493;0800
08494;0800
08495;0800
08500;0800
08501;0800
08504;0800
08505;0800
08506;0800
08507;0800
08508;0800
08509;0800
08510;2500
08511;0800
08512;0800
08513;0800
08531;0800
08537;0800
08538;0800
08539;0800
08542;0800
08543;0800
08544;0800
08546;2500
08549;0800
08550;0800
08553;0800
08554;0800
08560;0800
08561;0800
08562;0800
08567;0800
08568;0800
08569;0800
08571;0800
08573;0800
08574;0800
08575;0800
08576;0800
08577;0800
08578;0800
08579;0800
08580;0800
08582;0800
08583;0800
08584;0800
08586;0800
08587;0800
08588;0800
08589;0800
08590;0800
08591;0800
08592;0800
08593;0800
08594;0800
08595;0800
08596;0800
08598;0800
08599;0800
08602;0800
08603;0800
08608;0800
08610;0800
08613;0800
08615;0800
08617;0800
08625;0800
08627;0800
08628;0800
08629;0800
08631;0800
08632;0800
08633;0800
08634;0800
08635;0800
08637;0800
08639;0800
08640;0800
08641;0800
08642;0800
08643;0800
08647;0800
08648;0800
08649;0800
08651;0800
08652;0800
08653;0800
08655;0800
08656;0800
08657;0800
08658;0800
08659;0800
08660;0800
08661;0800
08662;0800
08663;0800
08665;0800
08666;0800
08668;0800
08669;0800
08670;0800
08671;0800
08672;0800
08673;0800
08674;0800
08675;0800
08676;0800
08677;0800
08678;0800
08679;0800
08680;0800
08681;0800
08682;0800
08683;0800
08684;0800
08685;0800
08686;0800
08687;0800
08688;0800
08689;0800
08690;0800
08691;0800
08692;0800
08693;0800
08694;0800
08695;0800
08696;0800
08697;0800
08699;0800
08700;0800
08701;0800
08702;0800
08703;0800
08704;0800
08705;0800
08706;0800
08707;0800
08708;0800
08709;0800
08710;0800
08711;0800
08712;0800
09001;0900
09002;0900
09003;0900
09004;0900
09005;0900
09006;0900
09007;0900
09008;0900
09009;0900
09010;0900
09011;0900
09012;0900
09013;0900
09014;0900
09015;0900
09016;0900
09017;0900
09018;0900
09019;0900
09020;0900
09021;0900
09022;0900
09023;0900
09024;0900
09025;0900
09026;0900
09027;0900
09028;0900
09029;0900
09030;0900
09031;0900
09032;0900
09033;0900
09034;0900
09035;0900
09036;0900
09037;0900
09038;0900
09039;0900
09040;0900
09041;0900
09042;0900
09043;0900
09044;0900
09046;0900
09048;0900
09050;0900
09052;0900
09053;0900
09054;0900
09055;0900
09056;0900
09057;0900
09059;0900
09060;0900
09061;0900
09062;0900
09063;0900
09064;0900
09065;0900
09066;0900
09067;0900
09068;0900
09070;0900
09071;0900
09072;0900
09073;0900
09074;0900
09075;0900
09076;0900
09077;0900
09078;0900
09079;0900
09081;0900
09082;0900
09083;0900
09084;0900
09085;0900
09086;0900
09087;0900
09088;0900
09089;0900
09090;0900
09091;0900
09092;0900
09093;0900
09094;0900
09095;0900
09096;0900
09097;0900
09098;0900
09099;0900
09100;0900
09101;0900
09102;0900
09103;0900
09104;0900
09105;0900
09106;0900
09107;0900
09109;0900
09110;0900
09111;0900
09112;0900
09113;0900
09114;0900
09116;0900
09117;0900
09118;0900
09119;0900
09120;0900
09121;0900
09123;0900
09124;0900
09125;0900
09126;0900
09127;0900
09128;0900
09129;0900
09130;0900
09131;0900
09132;0900
09133;0900
09134;0900
09135;0900
09138;0900
09139;0900
09140;0900
09143;0900
09144;0900
09145;0900
09146;0900
09147;0900
09148;0900
09149;0900
09150;0900
09152;0900
09153;0900
09154;0900
09156;0900
09159;0900
09160;0900
09161;0900
09163;0900
09164;0900
09165;0900
09167;0900
09172;0900
09173;0900
09174;0900
09175;0900
09176;0900
09177;0900
09178;0900
09181;0900
09183;0900
09184;0900
09185;0900
09190;0900
09191;0900
09192;0900
09193;0900
09194;0900
09195;0900
09200;0900
09201;0900
09202;0900
09203;0900
09205;0900
09206;0900
09207;0900
09209;0900
09210;0900
09211;0900
09212;0900
09213;0900
09214;0900
09215;0900
09216;0900
09217;0900
09218;0900
09219;0900
09220;0900
09221;0900
09223;0900
09226;0900
09228;0900
09229;0900
09231;0900
09232;0900
09233;0900
09236;0900
09237;0900
09238;0900
09239;0900
09240;0900
09241;0900
09242;0900
09243;0900
09244;0900
09245;0900
09246;0900
09247;0900
09248;0900
09250;0900
09251;0900
09252;0900
09253;0900
09254;0900
09255;0900
09256;0900
09257;0900
09258;0900
09259;0900
09260;0900
09261;0900
09262;0900
09263;0900
09264;0900
09265;0900
09266;0900
09267;0900
09268;0900
09269;0900
09270;0900
09271;0900
09272;0900
09273;0900
09274;0900
09275;0900
09276;0900
09277;0900
09278;0900
09279;0900
09281;0900
09282;0900
09283;0900
09284;0900
09285;0900
09286;0900
09287;0900
09288;0900
09289;0900
09290;0900
09291;0900
09292;0900
09293;0900
09294;0900
09295;0900
09296;0900
09297;0900
09298;0900
09299;0900
09301;0900
09302;0900
09304;0900
09306;0900
09307;0900
09309;0900
09310;0900
09311;0900
09312;0900
09313;0900
09314;0900
09315;0900
09316;0900
09317;0900
09318;0900
09319;0900
09320;0900
09321;0900
09322;0900
09325;0900
09326;0900
09328;0900
09334;0900
09340;0900
09351;0900
09352;0900
09353;0900
09354;0900
09357;0900
09362;0900
09367;0900
09370;0900
09374;0900
09379;0900
09383;0900
09400;0900
09401;0900
09402;0900
09403;0900
09404;0900
09407;0900
09408;0900
09409;0900
09410;0900
09411;0900
09412;0900
09413;0900
09414;0900
09415;0900
09416;0900
09420;0900
09421;0900
09422;0900
09423;0900
09426;0900
09427;0900
09428;0900
09429;0900
09430;0900
09431;0900
09432;0900
09433;0900
09434;0900
09435;0900
09436;0900
09437;0900
09438;0900
09439;0900
09440;0900
09442;0900
09443;0900
09444;0900
09446;0900
09447;0900
09448;0900
09449;0900
09450;0900
09451;0900
09452;0900
09500;0900
09501;0900
09502;0900
09503;0900
09504;0900
09506;0900
09507;0900
09508;0900
09510;0900
09511;0900
09512;0900
09513;0900
09514;0900
09515;0900
09516;0900
09517;0900
09518;0900
09519;0900
09520;0900
09522;0900
09523;0900
09524;0900
09525;0900
09526;0900
09528;0900
09530;0900
09531;0900
10000;1000
10001;1000
10002;1000
10003;1000
10004;1000
10005;1000
10006;1000
10007;1000
10008;1000
10009;1000
10010;1000
10011;1000
10012;1000
10013;1000
10014;1000
10015;1000
10016;1000
10017;1000
10018;1000
10019;1000
10020;1000
10021;1000
10022;1000
10023;1000
10024;1000
10025;1000
10026;1000
10027;1000
10028;1000
10029;1000
10030;1000
10031;1000
10032;1000
10033;1000
10034;1000
10035;1000
10036;1000
10037;1000
10038;1000
10039;1000
10040;1000
10041;1000
10042;1000
10043;1000
10044;1000
10045;1000
10046;1000
10047;1000
10048;1000
10049;1000
10050;1000
10051;1000
10052;1000
10053;1000
10054;1000
10055;1000
10056;1000
10057;1000
10058;1000
10059;1000
10060;1000
10061;1000
10062;1000
10063;1000
10064;1000
10065;1000
10066;1000
10067;1000
10068;1000
10069;1000
10070;1000
10071;1000
10072;1000
10073;1000
10074;1000
10075;1000
10076;1000
10077;1000
10078;1000
10079;1000
10080;1000
10081;1000
10082;1000
10083;1000
10084;1000
10085;1000
10086;1000
10087;1000
10088;1000
10089;1000
10093;1000
10094;1000
10096;1000
10097;1000
10098;1000
10099;1000
10100;1000
10101;1000
10102;1000
10103;1000
10104;1000
10105;1000
10106;1000
10107;1000
10109;1000
10110;1000
10111;1000
10112;1000
10113;1000
10114;1000
10115;1000
10116;1000
10117;1000
10118;1000
10119;1000
10120;1000
10121;1000
10122;1000
10123;1000
10128;1000
10130;1000
10132;1000
10134;1000
10136;1000
10137;1000
10138;1000
10140;1000
10141;1000
10142;1000
10146;1000
10149;1000
10150;1000
10152;1000
10153;1000
10158;1000
10163;1000
10164;1000
10165;1000
10166;1000
10167;1000
10168;1000
10169;1000
10170;1000
10171;1000
10173;1000
10174;1000
10175;1000
10176;1000
10177;1000
10178;1000
10179;1000
10180;1000
10181;1000
10182;1000
10183;1000
10184;1000
10185;1000
10186;1000
10187;1000
10188;1000
10189;1000
10192;1000
10193;1000
10194;1000
10195;1000
10196;1000
10197;1000
10198;1000
10199;1000
10200;1000
10201;1000
10202;1000
10203;1000
10204;1000
10205;1000
10206;1000
10207;1000
10208;1000
10209;1000
10210;1000
10211;1000
10212;1000
10213;1000
10214;1000
10215;1000
10216;1000
10217;1000
10218;1000
10219;1000
10220;1000
10221;1000
10222;1000
10223;1000
10224;1000
10225;1000
10226;1000
10227;1000
10228;1000
10229;1000
10802;1000
10803;1000
10804;1000
10805;1000
10851;1000
10852;1000
10853;1000
10854;1000
10855;1000
10856;1000
10857;1000
10858;1000
10859;1000
10860;1000
10861;1000
10862;1000
10863;1000
10864;1000
10865;1000
10866;1000
10867;1000
10868;1000
10869;1000
10870;1000
10871;1000
10872;1000
10873;1000
10874;1000
10875;1000
10876;1000
10877;1000
10878;1000
10879;1000
10880;1000
10881;1000
10882;1000
10883;1000
10884;1000
10885;1000
10886;1000
10887;1000
10888;1000
10889;1000
10890;1000
10891;1000
10892;1000
10893;1000
10894;1000
10895;1000
10898;1000
10899;1000
10900;1000
10901;1000
10902;1000
10903;1000
10904;1000
10905;1000
10906;1000
10907;1000
10908;1000
10909;1000
10910;1000
10911;1000
10912;1000
10913;1000
10914;1000
10915;1000
10916;1000
10917;1000
10918;1000
10919;1000
10920;1000
10921;1000
10922;1000
10923;1000
10924;1000
10925;1000
10926;1000
10927;1000
10928;1000
10929;1000
10931;1000
10932;1000
10933;1000
10934;1000
10935;1000
10936;1000
10937;1000
10938;1000
10939;1000
10940;1000
10942;1000
10943;1000
10944;1000
10945;1000
10946;1000
10947;1000
10948;1000
10949;1000
10950;1000
10951;1000
10952;1000
10953;1000
10954;1000
10955;1000
10956;1000
10957;1000
10958;1000
10959;1000
10960;1000
10961;1000
10962;1000
10963;1000
10972;1000
10973;1000
10974;1000
10975;1000
10976;1000
10977;1000
10978;1000
10979;1000
10980;1000
10981;1000
10982;1000
10983;1000
10984;1000
10985;1000
10986;1000
10987;1000
10988;1000
10989;1000
10990;1000
10991;1000
10992;1000
10993;1000
10994;1000
10998;1000
11001;1100
11003;1100
11004;1100
11005;1100
11006;1100
11007;1100
11008;1100
11009;1100
11010;1100
11011;1100
11012;1100
11013;1100
11015;1100
11018;1100
11019;1100
11022;1100
11023;1100
11024;1100
11025;1100
11026;1100
11027;1100
11028;1100
11029;1100
11030;1100
11031;1100
11032;1100
11033;1100
11037;1100
11038;1100
11039;1100
11040;1100
11043;1100
11044;1100
11045;1100
11046;1100
11047;1100
11048;1100
11049;1100
11050;1100
11052;1100
11053;1100
11054;1100
11056;1100
11058;1100
11060;1100
11061;1100
11062;1100
11063;1100
11080;1100
11081;1100
11082;1100
11084;1100
11086;1100
11087;1100
11088;1100
11089;1100
11090;1100
11091;1100
11092;1100
11093;1100
11094;1100
11095;1100
11096;1100
11097;1100
11098;1100
11099;1100
11100;1100
11101;1100
11104;1100
11105;1100
11106;1100
11107;1100
11108;1100
11109;1100
11110;1100
11112;1100
11113;1100
11114;1100
11115;1100
11116;1100
11117;1100
11118;1100
11119;1100
11120;1100
11122;1100
11123;1100
11124;1100
11125;1100
11126;1100
11128;1100
11130;1100
11131;1100
11134;1100
11135;1100
11136;1100
11137;1100
11138;1100
11141;1100
11142;1100
11143;1100
11144;1100
11145;1100
11147;1100
11148;1100
11149;1100
11150;1100
11151;1100
11152;1100
11154;1100
11156;1100
11157;1100
11158;1100
11161;1100
11162;1100
11163;1100
11164;1100
11165;1100
11167;1100
11168;1100
11170;1100
11172;1100
11174;1100
11176;1100
11177;1100
11178;1100
11179;1100
11180;1100
11181;1100
11182;1100
11184;1100
11190;1100
11191;1100
11192;1100
11195;1100
11196;1100
11197;1100
11198;1100
11199;1100
11200;1100
11201;1100
11202;1100
11203;1100
11204;1100
11205;1100
11206;1100
11207;1100
11208;1100
11209;1100
11210;1100
11211;1100
11212;1100
11213;1100
11214;1100
11215;1100
11216;1100
11218;1100
11219;1100
11220;1100
11221;1100
11222;1100
11223;1100
11224;1100
11225;1100
11226;1100
11228;1100
11230;1100
11231;1100
11232;1100
11233;1100
11234;1100
11235;1100
11236;1100
11237;1100
11238;1100
11239;1100
11240;1100
11241;1100
11242;1100
11243;1100
11244;1100
11245;1100
11246;1100
11247;1100
11248;1100
11249;1100
11250;1100
11251;1100
11252;1100
11253;1100
11254;1100
11255;1100
11257;1100
11258;1100
11259;1100
11260;1100
11261;1100
11263;1100
11264;1100
11265;1100
11266;1100
11267;1100
11268;1100
11269;1100
11270;1100
11271;1100
11272;1100
11273;1100
11274;1100
11275;1100
11276;1100
11277;1100
11278;1100
11279;1100
11280;1100
11281;1100
11282;1100
11283;1100
11284;1100
11285;1100
11286;1100
11287;1100
11288;1100
11289;1100
11290;1100
11291;1100
11292;1100
11293;1100
11294;1100
11295;1100
11296;1100
11297;1100
11298;1100
11299;1100
11300;1100
11301;1100
11302;1100
11303;1100
11304;1100
11305;1100
11306;1100
11308;1100
11310;1100
11311;1100
11312;1100
11313;1100
11316;1100
11317;1100
11318;1100
11322;1100
11323;1100
11324;1100
11326;1100
11327;1100
11329;1100
11333;1100
11334;1100
11335;1100
11337;1100
11338;1100
11339;1100
11344;1100
11345;1100
11349;1100
11350;1100
11351;1100
11352;1100
11353;1100
11354;1100
11355;1100
11356;1100
11357;1100
11358;1100
11359;1100
11360;1100
11361;1100
11362;1100
11363;1100
11364;1100
11365;1100
11366;1100
11367;1100
11368;1100
11369;1100
11370;1100
11371;1100
11372;1100
11373;1100
11374;1100
11376;1100
11378;1100
11379;1100
11380;1100
11381;1100
11382;1100
11383;1100
11384;1100
11385;1100
11386;1100
11387;1100
11390;1100
11391;1100
11392;1100
11393;1100
11394;1100
11395;1100
11396;1100
11397;1100
11398;1100
11399;1100
11400;1100
11401;1100
11402;1100
11403;1100
11406;1100
11407;1100
11408;1100
11409;1100
11410;1100
11411;1100
11412;1100
11413;1100
11414;1100
11416;1100
11417;1100
11418;1100
11419;1100
11422;1100
11423;1100
11424;1100
11426;1100
11427;1100
11428;1100
11429;1100
11430;1100
11431;1100
11432;1100
11435;1100
11436;1100
11437;1100
11438;1100
11439;1100
11442;1100
11444;1100
11445;1100
11446;1100
11447;1100
11448;1100
11450;1100
11451;1100
11452;1100
11453;1100
11454;1100
11457;1100
11458;1100
11459;1100
11461;1100
11463;1100
11464;1100
11467;1100
11468;1100
11471;1100
11473;1100
11474;1100
11475;1100
11476;1100
11477;1100
11478;1100
11479;1100
11480;1100
11481;1100
11482;1100
11483;1100
11484;1100
11485;1100
11486;1100
11487;1100
11488;1100
11489;1100
11490;1100
11491;1100
11492;1100
11493;1100
11495;1100
11496;1100
11497;1100
11499;1100
11501;1100
11502;1100
11503;1100
11504;1100
11505;1100
11506;1100
11507;1100
11508;1100
11510;1100
11512;1100
11514;1100
11516;1100
11517;1100
11518;1100
11519;1100
11520;1100
11521;1100
11522;1100
11523;1100
11525;1100
11526;1100
11527;1100
11529;1100
11530;1100
11531;1100
11533;1100
11537;1100
11540;1100
11546;1100
11547;1100
11548;1100
11549;1100
11551;1100
11553;1100
11555;1100
11557;1100
11559;1100
11563;1100
11564;1100
11565;1100
11566;1100
11567;1100
11568;1100
11569;1100
11570;1100
11574;1100
11575;1100
11576;1100
11577;1100
11578;1100
11579;1100
11581;1100
11583;1100
11584;1100
11585;1100
11587;1100
11588;1100
11590;1100
11591;1100
11593;1100
11594;1100
11595;1100
11596;1100
11597;1100
11599;1100
11601;1100
11602;1100
11603;1100
11604;1100
11605;1100
11609;1100
11613;1100
11614;1100
11615;1100
11616;1100
11617;1100
11618;1100
11620;1100
11621;1100
11622;1100
11623;1100
11624;1100
11625;1100
11626;1100
11632;1100
11634;1100
11637;1100
11640;1100
11641;1100
11642;1100
11643;1100
11644;1100
11645;1100
11647;1100
11649;1100
11653;1100
11654;1100
11655;1100
11656;1100
11657;1100
11658;1100
11659;1100
11660;1100
11663;1100
11666;1100
11667;1100
11669;1100
11670;1100
11671;1100
11672;1100
11674;1100
11675;1100
11676;1100
11677;1100
11683;1100
11693;1100
11695;1100
11696;1100
11697;1100
11698;1100
11700;1100
11701;1100
11702;1100
11703;1100
11705;1100
11707;1100
11709;1100
11710;1100
11711;1100
11712;1100
11713;1100
11714;1100
11715;1100
11716;1100
11717;1100
11718;1100
11719;1100
11720;1100
11721;1100
11722;1100
11723;1100
11724;1100
11725;1100
11726;1100
11727;1100
11728;1100
11729;1100
11730;1100
11731;1100
11732;1100
11733;1100
11734;1100
11735;1100
11736;1100
11737;1100
11738;1100
11739;1100
11740;1100
11741;1100
11742;1100
11743;1100
11744;1100
11745;1100
11746;1100
11747;1100
11748;1100
11749;1100
11750;1100
11751;1100
11752;1100
11753;1100
11754;1100
11755;1100
11756;1100
11757;1100
11758;1100
11759;1100
11760;1100
11761;1100
11762;1100
11763;1100
11764;1100
11765;1100
11766;1100
11767;1100
11768;1100
11769;1100
11770;1100
11771;1100
11772;1100
11773;1100
11774;1100
11775;1100
11777;1100
11778;1100
11779;1100
11780;1100
11781;1100
11782;1100
11783;1100
11784;1100
11785;1100
11786;1100
11787;1100
11788;1100
11789;1100
11790;1100
11791;1100
11792;1100
11793;1100
11794;1100
11795;1100
11796;1100
11797;1100
11798;1100
11799;1100
11800;1100
11801;1100
11802;1100
11803;1100
11804;1100
11805;1100
11806;1100
11807;1100
11808;1100
11809;1100
11810;1100
11811;1100
11812;1100
11813;1100
11814;1100
11815;1100
11816;1100
11817;1100
11818;1100
11819;1100
11820;1100
11821;1100
11822;1100
11823;1100
11824;1100
11825;1100
11826;1100
11827;1100
11828;1100
11829;1100
11830;1100
11831;1100
11832;1100
11833;1100
11834;1100
11835;1100
11836;1100
11837;1100
11840;1100
11841;1100
11842;1100
11843;1100
11844;1100
11845;1100
11846;1100
11847;1100
11848;1100
11849;1100
11850;1100
11851;1100
11852;1100
11853;1100
11854;1100
11855;1100
11856;1100
11857;1100
11858;1100
11859;1100
11860;1100
11861;1100
11862;1100
11863;1100
11864;1100
11865;1100
11866;1100
11867;1100
11868;1100
11869;1100
11870;1100
11871;1100
11872;1100
11873;1100
11874;1100
11875;1100
11876;1100
11877;1100
11878;1100
11879;1100
11880;1100
11881;1100
11884;1100
11885;1100
11886;1100
11888;1100
11889;1100
11890;1100
11891;1100
11892;1100
11893;1100
11894;1100
11895;1100
11896;1100
11897;1100
11898;1100
11899;1100
11900;1100
11901;1100
11902;1100
11903;1100
11904;1100
11905;1100
11906;1100
11907;1100
11908;1100
11909;1100
11910;1100
11911;1100
11912;1100
11913;1100
11914;1100
11915;1100
11916;1100
11917;1100
11918;1100
11919;1100
11921;1100
11922;1100
11923;1100
11924;1100
11925;1100
11926;1100
11927;1100
11928;1100
11929;1100
11930;1100
11931;1100
11932;1100
11933;1100
11934;1100
11935;1100
11936;1100
11937;1100
11938;1100
11939;1100
11940;1100
11941;1100
11943;1100
11944;1100
11945;1100
11946;1100
11947;1100
11948;1100
11949;1100
11950;1100
11951;1100
11952;1100
11953;1100
11954;1100
11955;1100
11956;1100
11957;1100
11958;1100
11959;1100
11960;1100
11961;1100
11962;1100
11963;1100
11964;1100
11965;1100
11967;1100
11968;1100
11969;1100
11970;1100
11972;1100
11973;1100
11974;1100
11975;1100
11976;1100
11977;1100
11978;1100
11979;1100
11980;1100
11981;1100
11982;1100
11983;1100
11984;1100
11985;1100
11986;1100
11987;1100
11988;1100
11989;1100
11990;1100
11991;1100
11992;1100
11993;1100
11994;1100
11995;1100
11996;1100
11998;1100
12001;1200
12003;1200
12004;1200
12005;1200
12006;1200
12007;1200
12008;1200
12011;1200
12012;1200
12013;1200
12014;1200
12016;1200
12021;1200
12022;1200
12023;1200
12024;1200
12029;1200
12032;1200
12033;1200
12034;1200
12036;1200
12037;1200
12038;1200
12039;1200
12040;1200
12041;1200
12058;1200
12059;1200
12060;1200
12061;1200
12062;1200
12063;1200
12065;1200
12071;1200
12077;1200
12078;1200
12084;1200
12085;1200
12086;1200
12087;1200
12088;1200
12093;1200
12094;1200
12095;1200
12096;1200
12097;1200
12098;1200
12099;1200
12100;1200
12101;1200
12104;1200
12108;1200
12109;1200
12110;1200
12114;1200
12115;1200
12116;1200
12117;1200
12118;1200
12119;1200
12120;1200
12121;1200
12122;1200
12127;1200
12128;1200
12129;1200
12130;1200
12131;1200
12132;1200
12135;1200
12136;1200
12137;1200
12138;1200
12140;1200
12141;1200
12142;1200
12143;1200
12144;1200
12145;1200
12147;1200
12149;1200
12151;1200
12152;1200
12154;1200
12155;1200
12156;1200
12157;1200
12158;1200
12160;1200
12163;1200
12166;1200
12167;1200
12169;1200
12170;1200
12171;1200
12174;1200
12175;1200
12176;1200
12177;1200
12179;1200
12193;1200
12195;1200
12198;1200
12200;1200
12201;1200
12202;1200
12203;1200
12204;1200
12205;1200
12206;1200
12220;1200
12516;1200
12529;1200
12536;1200
12537;1200
12538;1200
12539;1200
12540;1200
12563;1200
12565;1200
12567;1200
12585;1200
12586;1200
12588;1200
12632;1200
12635;1200
12637;1200
12638;1200
12643;1200
12644;1200
12652;1200
12663;1200
12665;1200
12695;1200
12698;1200
12737;1200
12738;1200
13000;1300
13001;1300
13002;1300
13019;1300
13020;1300
13023;1300
13047;1300
13055;1300
13065;1300
13066;1300
13067;1300
13068;1300
13069;1300
13070;1300
13095;1300
13096;1300
13097;1300
13098;1300
13147;1300
13148;1300
13149;1300
13150;1300
13156;1300
13158;1300
13165;1300
13166;1300
13227;1300
13228;1300
13231;1300
13232;1300
13235;1300
13236;1300
13284;1300
13285;1300
13293;1300
13294;1300
13317;1300
13318;1300
13319;1300
13320;1300
13321;1300
13322;1300
13323;1300
13324;1300
13325;1300
13326;1300
13327;1300
13328;1300
13329;1300
13330;1300
13331;1300
13332;1300
13333;1300
13334;1300
13335;1300
13337;1300
13338;1300
13339;1300
13340;1300
13341;1300
13342;1300
13343;1300
13344;1300
13345;1300
13346;1300
13347;1300
13348;0700
13349;1300
13350;0700
13351;1300
13352;1300
13353;0700
13354;1300
13355;0700
13356;1300
13357;0700
13358;0700
13359;1300
13361;1300
13362;1300
13363;1300
13364;1300
13365;1300
13366;1300
13367;1300
13368;1300
13369;1300
13370;1300
13371;1300
13372;1300
13373;1300
13375;1300
13377;1300
13378;1300
13379;1300
13380;1300
13381;1300
13382;1300
13383;1300
13384;1300
13386;1300
13387;1300
13388;1300
13389;1300
13390;1300
13391;1300
13392;1300
13393;1300
13394;1300
13395;1300
13396;1300
13398;1300
13399;1300
13401;1300
13402;1300
13404;1300
13405;1300
13407;1300
13408;1300
13410;1300
13411;1300
13413;1300
13414;1300
13415;1300
13416;1300
13417;1300
13418;1300
13419;1300
13420;1300
13421;1300
13422;1300
13423;1300
13424;1300
13425;1300
13426;1300
13428;1300
13430;1300
13432;1300
13436;1300
13438;1300
13439;1300
13440;1300
13441;1300
13442;1300
13443;1300
13444;1300
13445;1300
13446;1300
13447;1300
13448;1300
13449;1300
13450;1300
13451;1300
13452;1300
13453;1300
13454;1300
13455;1300
13456;1300
13459;1300
13460;1300
13463;1300
13464;1300
13465;1300
13466;1300
13467;1300
13468;1300
13469;1300
13470;1300
13473;1300
13474;1300
13477;1300
13478;1300
13479;1300
13481;1300
13482;1300
13483;1300
13484;1300
13485;1300
13486;1300
13487;1300
13488;1300
13490;1300
13491;1300
13492;1300
13493;1300
13494;1300
13495;1300
13496;1300
13497;1300
13498;1300
13499;1300
13500;1300
13501;1300
13502;1300
13519;1300
13520;1300
13523;1300
13595;1300
13596;1300
13597;1300
13598;1300
13647;1300
13648;1300
13649;1300
13650;1300
13786;1300
13788;1300
13791;1300
13795;1300
13796;1300
13797;1300
13798;1300
13799;1300
13800;1300
13803;1300
13804;1300
13805;1300
13806;1300
13807;1300
13808;1300
13809;1300
13810;1300
13811;1300
13812;1300
13813;1300
13814;1300
13815;1300
13816;1300
13817;1300
13818;1300
13819;1300
13820;1300
13821;1300
13822;1300
13823;1300
13824;1300
13825;1300
13826;1300
13827;1300
13828;1300
13829;1300
13830;1300
13831;1300
13832;1300
13833;1300
13834;1300
13835;1300
13838;1300
13839;1300
13840;1300
13841;1300
13842;1300
13843;1300
13844;1300
13845;1300
13846;1300
13847;1300
13848;1300
13849;1300
13850;1300
13851;1300
13852;1300
13853;1300
13854;1300
13855;1300
13856;1300
13857;1300
13858;1300
13859;1300
13860;1300
13861;1300
13862;1300
13863;1300
13864;1300
13865;1300
13866;1300
13867;1300
13868;1300
13869;1300
13870;1300
13871;1300
13872;1300
13873;1300
13874;1300
13875;1300
13876;1300
13877;1300
13878;1300
13879;1300
13880;1300
13881;1300
13882;1300
13883;1300
13884;1300
13885;1300
13886;1300
13887;1300
13888;1300
13889;1300
13890;1300
13891;1300
13892;1300
13893;1300
13894;1300
13895;1300
13896;1300
13897;1300
13898;1300
13899;1300
13900;1300
13901;1300
13902;1300
13903;1300
13904;1300
13905;1300
13906;1300
13907;1300
13908;1300
13909;1300
13910;1300
13911;1300
13912;1300
13913;1300
13914;1300
13915;1300
13916;1300
13917;1300
13918;1300
13919;1300
13920;1300
13921;1300
13922;1300
13923;1300
13924;1300
13925;1300
13926;1300
13927;1300
13928;1300
13929;1300
13930;1300
13931;1300
13932;1300
13933;1300
13934;1300
13935;1300
13937;1300
13940;1300
13943;1300
13946;1300
13948;1300
13949;1300
13950;1300
13951;1300
13952;1300
13953;1300
13954;1300
13955;1300
13956;1300
13957;1300
13958;1300
13959;1300
13961;1300
13963;1300
13965;1300
13967;1300
13968;1300
13969;1300
13970;1300
13971;1300
13972;1300
13973;1300
13974;1300
13975;1300
13977;1300
13979;1300
13980;1300
13981;1300
13982;1300
13983;1300
13985;1300
14003;1400
14004;1400
14005;1400
14006;1400
14007;1400
14009;1400
14010;1400
14013;1400
14015;1400
14016;1400
14017;1400
14019;1400
14021;1400
14022;1400
14024;1400
14025;1400
14026;1400
14027;1400
14028;1400
14029;1400
14030;1400
14031;1400
14033;1400
14034;1400
14035;1400
14036;1400
14037;1400
14038;1400
14041;1400
14044;1400
14045;1400
14047;1400
14048;1400
14049;1400
14050;1400
14051;1400
14052;1400
14054;1400
14055;1400
14056;1400
14057;1400
14058;1400
14059;1400
14060;1400
14061;1400
14062;1400
14063;1400
14064;1400
14065;1400
14066;1400
14067;1400
14068;1400
14073;1400
14074;1400
14075;1400
14076;1400
14079;1400
14080;1400
14082;1400
14083;1400
14084;1400
14086;1400
14087;1400
14088;1400
14090;1400
14091;1400
14092;1400
14093;1400
14095;1400
14096;1400
14097;1400
14098;1400
14099;1400
14100;1400
14101;1400
14102;1400
14103;1400
14105;1400
14106;1400
14107;1400
14108;1400
14109;1400
14113;1400
14116;1400
14117;1400
14119;1400
14120;1400
14121;1400
14124;1400
14125;1400
14126;1400
14130;1400
14132;1400
14134;1400
14135;1400
14136;1400
14137;1400
14138;1400
14140;1400
14142;1400
14143;1400
14144;1400
14145;1400
14146;1400
14147;1400
14148;1400
14149;1400
14150;1400
14151;1400
14152;1400
14153;1400
14154;1400
14155;1400
14156;1400
14157;1400
14158;1400
14159;1400
14160;1400
14161;1400
14162;1400
14163;1400
14164;1400
14165;1400
14166;1400
14167;1400
14168;1400
14169;1400
14171;1400
14173;1400
14174;1400
14177;1400
14179;1400
14180;1400
14181;1400
14182;1400
14183;1400
14185;1400
14187;1400
14188;1400
14189;1400
14190;1400
14191;1400
14192;1400
14194;1400
14195;1400
14196;1400
14197;1400
14199;1400
14201;1400
14202;1400
14203;1400
14204;1400
14206;1400
14207;1400
14209;1400
14210;1400
14211;1400
14214;1400
14215;1400
14216;1400
14217;1400
14218;1400
14219;1400
14220;1400
14221;1400
14222;1400
14223;1400
14224;1400
14226;1400
14227;1400
14231;1400
14233;1400
14234;1400
14235;1400
14236;1400
14237;1400
14238;1400
14239;1400
14240;1400
14241;1400
14242;1400
14243;1400
14245;1400
14246;1400
14247;1400
14248;1400
14250;1400
14251;1400
14252;1400
14253;1400
14255;1400
14256;1400
14257;1400
14258;1400
14259;1400
14260;1400
14261;1400
14262;1400
14263;1400
14264;1400
14267;1400
14268;1400
14269;1400
14270;1400
14276;1400
14277;1400
14278;1400
14279;1400
14280;1400
14281;1400
14282;1400
14284;1400
14285;1400
14286;1400
14287;1400
14288;1400
14291;1400
14292;1400
14293;1400
14294;1400
14296;1400
14297;1400
14303;1400
14305;1400
14309;1400
14310;1400
14311;1400
14312;1400
14315;1400
14316;1400
14317;1400
14318;1400
14323;1400
14327;1400
14334;1400
14341;1400
14347;1400
14350;1400
14351;1400
14352;1400
14353;1400
14355;1400
14356;1400
14357;1400
14366;1400
14367;1400
14368;1400
14370;1400
14371;1400
14375;1400
14376;1400
14381;1400
14384;1400
14385;1400
14390;1400
14400;1400
14405;1400
14406;1400
14407;1400
14408;1400
14409;1400
14411;1400
14412;1400
14414;1400
14415;1400
14416;1400
14421;1400
14422;1400
14423;1400
14424;1400
14425;1400
14426;1400
14427;1400
14428;1400
14429;1400
14430;1400
14431;1400
14432;1400
14433;1400
14434;1400
14436;1400
14437;1400
14438;1400
14439;1400
14440;1400
14450;1400
14460;1400
14461;1400
14462;1400
14475;1400
14476;1400
14530;1400
14531;1400
14532;1400
14533;1400
14534;1400
14536;1400
14537;1400
14538;1400
14541;1400
14542;1400
14543;1400
14544;1400
14545;1400
14548;1400
14550;1400
14551;1400
14552;1400
14553;1400
14555;1400
14557;1400
14558;1400
14559;1400
14599;1400
14601;1400
14602;1400
14604;1400
14605;1400
14607;1400
14608;1400
14609;1400
14610;1400
14611;1400
14612;1400
14613;1400
14614;1400
14615;1400
14616;1400
14617;1400
14618;1400
14619;1400
14620;1400
14621;1400
14622;1400
14623;1400
14625;1400
14626;1400
14627;1400
14628;1400
14629;1400
14630;1400
14631;1400
14632;1400
14633;1400
14634;1400
14635;1400
14636;1400
14637;1400
14638;1400
14639;1400
14640;1400
14641;1400
14644;1400
14645;1400
14646;1400
14647;1400
14648;1400
14649;1400
14651;1400
14654;1400
15001;1500
15002;1500
15003;1500
15004;1500
15005;1500
15006;1500
15007;1500
15008;1500
15009;1500
15010;1500
15011;1500
15012;1500
15013;1500
15014;1500
15015;1500
15016;1500
15017;1500
15018;1500
15019;1500
15020;1500
15021;1500
15022;1500
15023;1500
15024;1500
15025;1500
15026;1500
15027;1500
15028;1500
15029;1500
15030;1500
15031;1500
15032;1500
15033;1500
15034;1500
15035;1500
15036;1500
15037;1500
15038;1500
15039;1500
15040;1500
15041;1500
15042;1500
15043;1500
15044;1500
15045;1500
15046;1500
15047;1500
15048;1500
15049;1500
15050;1500
15051;1500
15052;1500
15053;1500
15054;1500
15055;1500
15056;1500
15057;1500
15058;1500
15059;1500
15060;1500
15061;1500
15062;1500
15063;1500
15064;1500
15065;1500
15066;1500
15067;1500
15068;1500
15069;1500
15070;1500
15071;1500
15072;1500
15073;1500
15074;1500
15075;1500
15076;1500
15077;1500
15078;1500
15079;1500
15080;1500
15081;1500
15082;1500
15083;1500
15084;1500
15085;1500
15086;1500
15087;1500
15088;1500
15089;1500
15090;1500
15091;1500
15092;1500
15093;1500
15094;1500
15095;1500
15096;1500
15097;1500
15098;1500
15099;1500
15100;1500
15101;1500
15102;1500
15103;1500
15104;1500
15105;1500
15106;1500
15107;1500
15108;1500
15109;1500
15110;1500
15111;1500
15112;1500
15113;1500
15114;1500
15115;1500
15116;1500
15117;1500
15118;1500
15119;1500
15121;1500
15123;1500
15124;1500
15126;1500
15127;1500
15128;1500
15129;1500
15130;1500
15131;1500
15132;1500
15133;1500
15134;1500
15135;1500
15136;1500
15137;1500
15138;1500
15139;1500
15140;1500
15141;1500
15142;1500
15143;1500
15144;1500
15145;1500
15146;1500
15147;1500
15148;1500
15149;1500
15150;1500
15151;1500
15152;1500
15153;1500
15154;1500
15155;1500
15156;1500
15157;1500
15158;1500
15159;1500
15160;1500
15162;1500
15163;1500
15164;1500
15165;1500
15166;1500
15167;1500
15168;1500
15169;1500
15170;1500
15171;1500
15172;1500
15173;1500
15174;1500
15175;1500
15176;1500
15177;1500
15178;1500
15179;1500
15180;1500
15181;1500
15182;1500
15183;1500
15184;1500
15185;1500
15186;1500
15187;1500
15188;1500
15189;1500
15190;1500
15191;1500
15192;1500
15193;1500
15194;1500
15195;1500
15196;1500
15197;1500
15198;1500
15199;1500
15200;1500
15201;1500
15202;1500
15203;1500
15204;1500
15205;1500
15206;1500
15207;1500
15208;1500
15209;1500
15210;1500
15211;1500
15212;1500
15213;1500
15214;1500
15215;1500
15216;1500
15217;1500
15218;1500
15219;1500
15220;1500
15221;1500
15222;1500
15223;1500
15224;1500
15225;1500
15226;1500
15227;1500
15228;1500
15229;1500
15230;1500
15231;1500
15232;1500
15233;1500
15234;1500
15235;1500
15236;1500
15237;1500
15238;1500
15239;1500
15240;1500
15241;1500
15242;1500
15243;1500
15244;1500
15245;1500
15246;1500
15247;1500
15250;1500
15251;1500
15252;1500
15253;1500
15260;1500
15261;1500
15262;1500
15264;1500
15265;1500
15266;1500
15267;1500
15268;1500
15269;1500
15270;1500
15271;1500
15274;1500
16001;1600
16002;1600
16003;1600
16004;1600
16005;1600
16006;1600
16007;1600
16008;1600
16009;1600
16010;1600
16011;1600
16014;1600
16015;1600
16016;1600
16017;1600
16018;1600
16019;1600
16020;1600
16021;1600
16022;1600
16023;1600
16024;1600
16025;1600
16026;1600
16027;1600
16028;1600
16029;1600
16030;1600
16031;1600
16032;1600
16033;1600
16034;1600
16035;1600
16036;1600
16037;1600
16038;1600
16039;1600
16040;1600
16041;1600
16042;1600
16043;1600
16044;1600
16045;1600
16046;1600
16047;1600
16048;1600
16049;1600
16050;1600
16051;1600
16052;1600
16053;1600
16054;1600
16055;1600
16056;1600
16057;1600
16058;1600
16059;1600
16060;1600
16061;1600
16062;1600
16063;1600
16064;1600
16065;1600
16067;1600
16068;1600
16069;1600
16070;1600
16071;1600
16072;1600
16073;1600
16074;1600
16075;1600
16076;1600
16077;1600
16078;1600
16079;1600
16080;1600
16081;1600
16082;1600
16083;1600
16084;1600
16085;1600
16086;1600
16087;1600
16088;1600
16089;1600
16090;1600
16091;1600
16092;1600
16093;1600
16094;1600
16095;1600
16096;1600
16097;1600
16098;1600
16099;1600
16100;1600
16101;1600
16102;1600
16103;1600
16104;1600
16106;1600
16107;1600
16108;1600
16109;1600
16110;1600
16111;1600
16112;1600
16113;1600
16114;1600
16115;1600
16116;1600
16117;1600
16118;1600
16119;1600
16120;1600
16121;1600
16122;1600
16123;1600
16124;1600
16125;1600
16126;1600
16127;1600
16128;1600
16129;1600
16130;1600
16132;1600
16133;1600
16134;1600
16135;1600
16136;1600
16137;1600
16138;1600
16139;1600
16144;1600
16145;1600
16146;1600
16147;1600
16149;1600
16150;1600
16155;1600
16156;1600
16157;1600
16158;1600
16159;1600
16160;1600
16161;1600
16162;1600
16163;1600
16164;1600
16165;1600
16166;1600
16167;1600
16168;1600
16171;1600
16172;1600
16173;1600
16174;1600
16200;1600
16201;1600
16202;1600
16203;1600
16204;1600
16210;1600
16211;1600
16212;1600
16213;1600
16214;1600
16215;1600
16216;1600
16219;1600
16222;1600
16223;1600
16225;1600
16227;1600
16228;1600
16229;1600
16230;1600
16231;1600
16235;1600
16236;1600
16237;1600
16238;1600
16239;1600
16240;1600
16241;1600
16242;1600
16243;1600
16244;1600
16245;1600
16246;1600
16247;1600
16248;1600
16249;1600
16250;1600
16251;1600
16252;1600
16253;1600
16254;1600
16255;1600
16256;1600
16258;1600
16259;1600
16260;1600
16261;1600
16262;1600
16271;1600
16272;1600
16273;1600
16274;1600
16275;1600
16276;1600
16277;1600
16278;1600
16279;1600
16281;1600
16302;1600
16315;1600
16316;1600
16317;1600
16320;1600
16323;1600
16325;1600
16326;1600
16328;1600
16331;1600
16333;1600
16335;1600
16336;1600
16337;1600
16338;1600
16341;1600
16343;1600
16345;1600
16346;1600
16347;1600
16348;1600
16350;1600
16353;1600
16357;1600
16358;1600
16359;1600
16360;1600
16361;1600
16363;1600
16368;1600
16370;1600
16372;1600
16375;1600
16377;1600
16379;1600
16381;1600
16384;1600
16386;1600
16389;1600
16390;1600
16392;1600
16394;1600
16396;1600
16397;1600
16398;1600
16399;1600
16402;1600
16403;1600
16409;1600
16410;1600
16420;1600
16422;1600
16424;1600
16425;1600
16426;1600
16427;1600
16428;1600
16429;1600
16432;1600
16434;1600
16436;1600
16500;1600
16502;1600
16504;1600
16505;1600
16506;1600
16507;1600
16508;1600
16509;1600
16510;1600
16511;1600
16512;1600
16513;1600
16514;1600
16515;1600
16516;1600
16517;1600
16518;1600
16519;1600
16521;1600
16522;1600
16523;1600
16524;1600
16525;1600
16526;1600
16527;1600
16528;1600
16529;1600
16531;1600
16532;1600
16533;1600
16534;1600
16535;1600
16536;1600
16538;1600
16542;1600
16546;1600
16548;1600
16549;1600
16551;1600
16552;1600
16554;1600
16555;1600
16556;1600
16557;1600
16558;1600
16560;1600
16561;1600
16565;1600
16570;1600
16579;1600
16581;1600
16584;1600
16585;1600
16586;1600
16587;1600
16588;1600
16590;1600
16591;1600
16592;1600
16593;1600
16594;1600
16596;1600
16600;1600
16601;1600
16602;1600
16603;1600
16606;1600
16607;1600
16608;1600
16609;1600
16610;1600
16611;1600
16613;1600
16614;1600
16615;1600
16616;1600
16617;1600
16618;1600
16619;1600
17000;1700
17001;1700
17002;1700
17003;1700
17004;1700
17005;1700
17006;1700
17007;1700
17008;1700
17009;1700
17010;1700
17011;1700
17012;1700
17013;1700
17014;1700
17015;1700
17016;1700
17017;1700
17018;1700
17019;1700
17020;1700
17021;1700
17022;1700
17023;1700
17024;1700
17025;1700
17026;1700
17027;1700
17028;1700
17029;1700
17030;1700
17031;1700
17032;1700
17033;1700
17034;1700
17035;1700
17036;1700
17037;1700
17038;1700
17039;1700
17040;1700
17041;1700
17042;1700
17043;1700
17044;1700
17045;1700
17046;1700
17047;1700
17048;1700
17049;1700
17050;1700
17051;1700
17052;1700
17053;1700
17054;1700
17055;1700
17056;1700
17057;1700
17058;1700
17059;1700
17060;1700
17061;1700
17062;1700
17063;1700
17064;1700
17065;1700
17066;1700
17067;1700
17068;1700
17069;1700
17070;1700
17071;1700
17072;1700
17073;1700
17074;1700
17075;1700
17076;1700
17077;1700
17078;1700
17079;1700
17080;1700
17081;1700
17082;1700
17083;1700
17084;1700
17085;1700
17086;1700
17087;1700
17088;1700
17089;1700
17090;1700
17091;1700
17092;1700
17093;1700
17094;1700
17095;1700
17096;1700
17097;1700
17098;1700
17099;1700
17100;1700
17101;1700
17102;1700
17103;1700
17104;1700
17105;1700
17106;1700
17107;1700
17108;1700
17109;1700
17110;1700
17111;1700
17112;1700
17113;1700
17114;1700
17115;1700
17116;1700
17117;1700
17118;1700
17119;1700
17120;1700
17121;1700
17122;1700
17123;1700
17124;1700
17125;1700
17126;1700
17127;1700
17128;1700
17129;1700
17130;1700
17131;1700
17132;1700
17133;1700
17134;1700
17135;1700
17136;1700
17137;1700
17138;1700
17139;1700
17140;1700
17141;1700
17142;1700
17143;1700
17144;1700
17145;1700
17146;1700
17147;1700
17148;1700
17149;1700
17150;1700
17151;1700
17152;1700
17153;1700
17154;1700
17155;1700
17156;1700
17157;1700
17158;1700
17159;1700
17160;1700
17161;1700
17162;1700
17163;1700
17164;1700
17165;1700
17166;1700
17167;1700
17168;1700
17169;1700
17170;1700
17171;1700
17172;1700
17173;1700
17174;1700
17175;1700
17176;1700
17177;1700
17178;1700
17179;1700
17180;1700
17181;1700
17182;1700
17183;1700
17184;1700
17185;1700
17186;1700
17187;1700
17188;1700
17189;1700
17190;1700
17191;1700
17192;1700
17193;1700
17194;1700
17195;1700
17196;1700
17197;1700
17198;1700
17199;1700
17200;1700
17201;1700
17202;1700
17203;1700
17204;1700
17205;1700
17206;1700
17207;1700
17208;1700
17209;1700
17210;1700
17211;1700
17212;1700
17213;1700
17214;1700
17215;1700
17216;1700
17217;1700
17218;1700
17219;1700
17220;1700
17221;1700
17222;1700
17223;1700
17224;1700
17225;1700
17226;1700
17227;1700
17228;1700
17229;1700
17230;1700
17231;1700
17232;1700
17233;1700
17234;1700
17235;1700
17236;1700
17237;1700
17238;1700
17239;1700
17240;1700
17241;1700
17242;1700
17243;1700
17244;1700
17245;1700
17246;1700
17247;1700
17248;1700
17249;1700
17250;1700
17251;1700
17252;1700
17253;1700
17254;1700
17255;1700
17256;1700
17257;1700
17258;1700
17259;1700
17260;1700
17261;1700
17262;1700
17263;1700
17264;1700
17265;1700
17267;1700
17268;1700
17269;1700
17270;1700
17271;1700
17272;1700
17273;1700
17274;1700
17275;1700
17276;1700
17277;1700
17278;1700
17279;1700
17280;1700
17281;1700
17282;1700
17283;1700
17284;1700
17285;1700
17286;1700
17287;1700
17288;1700
17289;1700
17290;1700
17291;1700
17292;1700
17293;1700
17294;1700
17295;1700
17296;1700
17297;1700
17298;1700
17299;1700
17300;1700
17301;1700
17302;1700
17303;1700
17304;1700
17305;1700
17306;1700
17307;1700
17308;1700
17309;1700
17310;1700
17311;1700
17312;1700
17313;1700
17314;1700
17315;1700
17316;1700
17317;1700
17318;1700
17319;1700
17320;1700
17321;1700
17322;1700
17323;1700
17324;1700
17325;1700
17326;1700
17327;1700
17328;1700
17329;1700
17330;1700
17331;1700
17332;1700
17333;1700
17334;1700
17335;1700
17336;1700
17337;1700
17338;1700
17339;1700
17340;1700
17341;1700
17342;1700
17343;1700
17344;1700
17345;1700
17346;1700
17347;1700
17348;1700
17349;1700
17350;1700
17351;1700
17352;1700
17353;1700
17354;1700
17355;1700
17356;1700
17357;1700
17358;1700
17359;1700
17360;1700
17361;1700
17362;1700
17363;1700
17364;1700
17365;1700
17366;1700
17367;1700
17368;1700
17369;1700
17370;1700
17371;1700
17372;1700
17373;1700
17374;1700
17375;1700
17376;1700
17377;1700
17378;1700
17379;1700
17380;1700
17381;1700
17382;1700
17383;1700
17384;1700
17385;1700
17386;1700
17387;1700
17388;1700
17389;1700
17390;1700
17391;1700
17392;1700
17393;1700
17394;1700
17395;1700
17396;1700
17397;1700
17398;1700
17399;1700
17400;1700
17401;1700
17402;1700
17403;1700
17404;1700
17405;1700
17406;1700
17407;1700
17408;1700
17409;1700
17410;1700
17411;1700
17412;1700
17413;1700
17414;1700
17415;1700
17416;1700
17417;1700
17418;1700
17419;1700
17420;1700
17421;1700
17422;1700
17423;1700
17424;1700
17425;1700
17426;1700
17427;1700
17428;1700
17429;1700
17430;1700
17431;1700
17432;1700
17433;1700
17434;1700
17435;1700
17436;1700
17437;1700
17438;1700
17439;1700
17440;1700
17441;1700
17442;1700
17443;1700
17444;1700
17445;1700
17446;1700
17447;1700
17448;1700
17449;1700
17450;1700
17451;1700
17452;1700
17453;1700
17454;1700
17455;1700
17456;1700
17457;1700
17458;1700
17459;1700
17460;1700
17461;1700
17462;1700
17463;1700
17464;1700
18001;1800
18002;1800
18003;1800
18005;1800
18006;1800
18007;1800
18009;1800
18010;1800
18011;1800
18012;1800
18013;1800
18014;1800
18015;1800
18016;1800
18017;1800
18019;1800
18021;1800
18022;1800
18023;1800
18024;1800
18025;1800
18027;1800
18028;1800
18029;1800
18030;1800
18032;1800
18033;1800
18036;1800
18037;1800
18038;1800
18039;1800
18040;1800
18041;1800
18042;1800
18043;1800
18044;1800
18045;1800
18047;1800
18048;1800
18049;1800
18050;1800
18051;1800
18053;1800
18055;1800
18057;1800
18059;1800
18060;1800
18061;1800
18064;1800
18065;1800
18066;1800
18069;1800
18070;1800
18071;1800
18073;1800
18075;1800
18076;1800
18077;1800
18078;1800
18079;1800
18080;1800
18081;1800
18082;1800
18084;1800
18085;1800
18086;1800
18087;1800
18088;1800
18090;1800
18092;1800
18095;1800
18096;1800
18097;1800
18101;1800
18102;1800
18103;1800
18104;1800
18105;1800
18106;1800
18107;1800
18108;1800
18110;1800
18112;1800
18114;1800
18116;1800
18117;1800
18119;1800
18120;1800
18121;1800
18126;1800
18127;1800
18128;1800
18131;1800
18133;1800
18134;1800
18135;1800
18139;1800
18140;1800
18141;1800
18142;1800
18144;1800
18146;1800
18147;1800
18148;1800
18151;1800
18152;1800
18154;1800
18155;1800
18156;1800
18157;1800
18158;1800
18159;1800
18160;1800
18161;1800
18163;1800
18164;1800
18165;1800
18166;1800
18167;1800
18168;1800
18170;1800
18171;1800
18172;1800
18173;1800
18174;1800
18175;1800
18176;1800
18177;1800
18178;1800
18179;1800
18180;1800
18182;1800
18183;1800
18184;1800
18185;1800
18186;1800
18187;1800
18188;1800
18189;1800
18190;1800
18191;1800
18192;1800
18193;1800
18196;1800
18198;1800
18199;1800
18200;1800
18201;1800
18202;1800
18204;1800
18205;1800
18206;1800
18208;1800
18209;1800
18210;1800
18211;1800
18212;1800
18213;1800
18214;1800
18215;1800
18216;1800
18217;1800
18218;1800
18219;1800
18220;1800
18221;1800
18222;1800
18223;1800
18224;1800
18225;1800
18226;1800
18227;1800
18228;1800
18229;1800
18230;1800
18231;1800
18232;1800
18233;1800
18234;1800
18235;1800
18236;1800
18237;1800
18239;1800
18240;1800
18241;1800
18242;1800
18243;1800
18244;1800
18245;1800
18246;1800
18247;1800
18248;1800
18249;1800
18250;1800
18251;1800
18253;1800
18254;1800
18255;1800
18256;1800
18258;1800
18259;1800
18260;1800
18261;1800
18262;1800
18263;1800
18264;1800
18265;1800
18266;1800
18267;1800
18268;1800
18269;1800
18270;1800
18271;1800
18272;1800
18273;1800
18274;1800
18275;1800
18277;1800
18278;1800
18279;1800
18280;1800
18281;1800
18282;1800
18283;1800
18284;1800
18288;1800
18289;1800
18290;1800
18291;1800
18292;1800
18293;1800
18294;1800
18295;1800
18297;1800
18299;1800
18300;1800
18301;1800
18302;1800
18303;1800
18304;1800
18305;1800
18306;1800
18308;1800
18309;1800
18310;1800
18312;1800
18313;1800
18314;1800
18316;1800
18317;1800
18319;1800
18320;1800
18321;1800
18322;1800
18323;1800
18324;1800
18325;1800
18326;1800
18327;1800
18328;1800
18332;1800
18333;1800
18334;1800
18335;1800
18336;1800
18337;1800
18338;1800
18339;1800
18342;1800
18344;1800
18345;1800
18346;1800
18347;1800
18348;1800
18349;1800
18350;1800
18351;1800
18352;1800
18353;1800
18354;1800
18355;1800
18356;1800
18357;1800
18358;1800
18360;1800
18361;1800
18362;1800
18363;1800
18364;1800
18365;1800
18367;1800
18368;1800
18369;1800
18370;1800
18371;1800
18372;1800
18373;1800
18374;1800
18375;1800
18376;1800
18377;1800
18378;1800
18383;1800
18384;1800
18385;1800
18386;1800
18388;1800
18390;1800
18396;1800
18399;1800
18400;1800
18401;1800
18402;1800
18403;1800
18406;1800
18407;1800
18408;1800
18412;1800
18413;1800
18414;1800
18416;1800
18417;1800
18418;1800
18419;1800
18420;1800
18421;1800
18422;1800
18423;1800
18424;1800
18425;1800
18426;1800
18427;1800
18428;1800
18429;1800
18430;1800
18431;1800
18432;1800
18433;1800
18434;1800
18435;1800
18436;1800
18437;1800
18438;1800
18439;1800
18443;1800
18444;1800
18445;1800
18446;1800
18447;1800
18448;1800
18449;1800
18450;1800
18451;1800
18453;1800
18457;1800
18459;1800
18476;1800
18477;1800
18478;1800
18479;1800
18481;1800
18482;1800
18486;1800
18487;1800
18488;1800
18489;1800
18490;1800
18494;1800
18497;1800
18499;1800
18501;1800
18505;1800
18506;1800
18507;1800
18513;1800
18522;1800
18524;1800
18527;1800
18528;1800
18529;1800
18532;1800
18533;1800
18535;1800
18537;1800
18538;1800
18539;1800
18540;1800
18541;1800
18544;1800
18547;1800
18562;1800
18566;1800
18567;1800
18603;1800
18608;1800
18609;1800
18610;1800
18612;1800
18614;1800
18615;1800
18616;1800
18617;1800
18619;1800
18621;1800
18629;1800
18630;1800
18631;1800
18632;1800
18633;1800
18634;1800
18635;1800
18637;1800
18639;1800
18640;1800
18641;1800
18642;1800
18651;1800
18927;1800
18930;1800
18931;1800
18932;1800
18933;1800
18934;1800
18935;1800
18936;1800
18938;1800
18939;1800
18940;1800
18942;1800
18943;1800
18944;1800
18945;1800
18946;1800
18947;1800
18948;1800
18949;1800
18950;1800
18951;1800
18952;1800
18953;1800
18954;1800
18955;1800
18956;1800
18957;1800
18958;1800
18959;1800
18960;1800
18961;1800
18962;1800
18963;1800
18964;1800
18965;1800
18966;1800
18967;1800
18968;1800
18969;1800
18970;1800
18971;1800
18972;1800
18973;1800
18974;1800
18975;1800
18976;1800
18977;1800
18978;1800
18979;1800
18980;1800
18981;1800
18982;1800
18983;1800
18984;1800
18985;1800
18986;1800
18987;1800
18988;1800
18989;1800
18990;1800
18991;1800
18992;1800
18993;1800
18994;1800
18995;1800
18996;1800
18997;1800
18998;1800
18999;1800
19000;1900
19001;1900
19002;2500
19003;2500
19004;2500
19005;2500
19007;2500
19008;2500
19009;2500
19010;2500
19013;1900
19014;1900
19015;2500
19016;2500
19017;2500
19018;1900
19020;2500
19021;2500
19022;2500
19024;2500
19025;1900
19026;2500
19027;2500
19029;1900
19030;1900
19031;2500
19033;2500
19034;2500
19035;2500
19036;2500
19038;2500
19039;2500
19040;2500
19041;2500
19042;2500
19043;2500
19045;2500
19046;2500
19047;2500
19048;2500
19049;2500
19050;2500
19051;2500
19052;2500
19053;2500
19056;2500
19057;2500
19058;2500
19059;2500
19061;2500
19062;2500
19063;2500
19064;1900
19065;1900
19067;1900
19068;1900
19069;1900
19070;1900
19071;1900
19074;1900
19075;1900
19076;1900
19077;1900
19078;1900
19079;1900
19080;1900
19081;1900
19083;1900
19084;1900
19085;1900
19086;1900
19087;1900
19088;1900
19089;1900
19090;1900
19091;1900
19092;1900
19093;1900
19094;1900
19095;1900
19096;1900
19097;1900
19098;1900
19099;1900
19100;1900
19101;1900
19102;1900
19103;1900
19104;1900
19105;1900
19106;1900
19107;1900
19108;1900
19109;1900
19110;1900
19111;1900
19112;1900
19113;1900
19114;1900
19115;1900
19116;1900
19117;1900
19118;1900
19119;1900
19120;1900
19121;1900
19122;1900
19123;1900
19124;1900
19125;1900
19126;1900
19127;1900
19128;1900
19129;1900
19130;1900
19132;1900
19134;1900
19135;1900
19136;1900
19137;1900
19138;1900
19139;1900
19140;1900
19141;1900
19142;1900
19143;1900
19144;1900
19145;1900
19146;1900
19147;1900
19148;1900
19149;1900
19150;1900
19151;1900
19152;1900
19153;1900
19154;1900
19155;1900
19156;1900
19157;1900
19159;1900
19160;1900
19161;1900
19162;1900
19163;1900
19164;1900
19165;1900
19166;1900
19168;1900
19169;1900
19170;1900
19171;1900
19172;1900
19173;1900
19175;1900
19176;1900
19177;1900
19181;1900
19182;1900
19183;1900
19184;1900
19185;1900
19186;1900
19187;1900
19188;1900
19189;1900
19190;1900
19191;1900
19193;1900
19194;1900
19195;1900
19198;1900
19199;1900
19201;1900
19202;1900
19203;1900
19204;1900
19205;1900
19206;1900
19207;1900
19208;1900
19209;1900
19212;1900
19213;1900
19214;1900
19216;1900
19217;1900
19218;1900
19219;1900
19220;1900
19221;1900
19222;1900
19223;1900
19225;1900
19226;1900
19227;1900
19228;1900
19230;1900
19231;1900
19232;1900
19233;1900
19234;1900
19235;1900
19236;1900
19238;1900
19239;1900
19240;1900
19241;1900
19243;1900
19244;1900
19246;1900
19247;1900
19248;1900
19249;1900
19250;1900
19252;1900
19254;1900
19255;1900
19256;1900
19258;1900
19260;1900
19263;1900
19265;1900
19268;1900
19269;2500
19270;1900
19271;1900
19272;2500
19273;2500
19274;2500
19279;1900
19280;1900
19281;1900
19283;1900
19292;1900
19293;1900
19294;1900
19295;1900
19296;1900
19297;1900
19300;1900
19301;1900
19302;1900
19303;1900
19304;1900
19306;1900
19307;1900
19308;1900
19309;1900
19310;1900
19312;1900
19313;1900
19314;1900
19315;1900
19318;1900
19319;1900
19320;1900
19321;1900
19322;1900
19323;1900
19324;1900
19325;1900
19326;1900
19327;1900
19328;1900
19330;1900
19331;1900
19332;1900
19333;1900
19334;1900
19335;1900
19336;1900
19337;1900
19340;1900
19345;1900
19348;1900
19349;1900
19350;1900
19351;1900
19352;1900
19353;1900
19355;1900
19359;1900
19360;1900
19361;1900
19362;1900
19363;1900
19364;1900
19365;1900
19366;1900
19367;1900
19368;1900
19369;1900
19370;1900
19371;1900
19372;1900
19375;1900
19379;1900
19382;1900
19383;1900
19384;1900
19387;1900
19393;1900
19400;2500
19401;2500
19403;2500
19404;2500
19405;2500
19406;2500
19407;2500
19408;2500
19409;1900
19410;2500
19411;2500
19412;2500
19413;2500
19414;2500
19415;2500
19416;2500
19418;2500
19419;2500
19420;2500
19421;2500
19422;2500
19423;2500
19424;2500
19433;2500
19434;2500
19435;2500
19436;2500
19437;2500
19438;2500
19439;2500
19440;2500
19441;2500
19444;2500
19445;2500
19524;2500
19701;1900
19702;1900
19703;1900
19704;1900
19705;1900
19706;1900
19708;1900
19709;1900
19710;1900
19719;1900
19720;1900
19800;2500
19802;2500
19804;2500
19806;2500
19807;2500
19809;2500
19810;2500
19811;2500
19812;2500
19813;2500
19814;2500
19816;2500
19817;2500
19818;2500
19819;2500
19820;2500
19821;2500
19822;2500
19823;2500
19833;2500
19856;1900
19857;2500
19858;1900
19859;1900
19860;1900
19866;1900
19867;1900
19868;1900
19871;1900
19873;1900
19874;1900
19875;1900
19876;1900
19877;1900
19878;1900
19879;1900
19880;1900
19881;1900
19882;1900
19883;1900
19884;1900
19886;1900
19887;1900
19890;1900
19891;1900
19892;1900
19893;1900
19894;1900
19895;1900
19896;1900
19897;1900
19898;1900
19899;1900
19902;1900
19903;1900
19904;1900
19905;1900
19906;1900
19907;1900
19908;1900
19909;1900
19910;1900
19911;1900
19912;1900
19913;1900
19914;1900
19916;1900
19917;1900
19918;1900
19919;1900
19920;1900
19921;1900
19922;1900
19923;1900
19924;1900
20001;2000
20002;2000
20003;2000
20004;2000
20005;2000
20006;2000
20008;2000
20009;2000
20010;2000
20011;2000
20012;2000
20013;2000
20014;2000
20015;2000
20016;2000
20017;2000
20018;2000
20019;2000
20020;2000
20022;2000
20023;2000
20024;2000
20025;2000
20027;2000
20028;2000
20029;2000
20030;2000
20031;2000
20032;2000
20033;2000
20034;2000
20035;2000
20036;2000
20037;2000
20038;2000
20040;2000
20041;2000
20042;2000
20044;2000
20045;2000
20046;2000
20047;2000
20048;2000
20049;2000
20050;2000
20051;2000
20052;2000
20053;2000
20054;2000
20055;2000
20058;2000
20060;2000
20061;2000
20062;2000
20063;2000
20064;2000
20065;2000
20066;2000
20067;2000
20068;2000
20069;2000
20070;2000
20071;2000
20072;2000
20073;2000
20074;2000
20075;2000
20076;2000
20077;2000
20078;2000
20080;2000
20081;2000
20082;2000
20083;2000
20084;2000
20086;2000
20087;2000
20088;2000
20089;2000
20090;2000
20091;2000
20092;2000
20093;2000
20094;2000
20095;2000
20096;2000
20097;2000
20098;2000
20105;2000
20106;2000
20109;2000
20110;2000
20111;2000
20112;2000
20113;2000
20114;2000
20115;2000
20116;2000
20117;2000
20118;2000
20120;2000
20121;2000
20124;2000
20125;2000
20126;2000
20127;2000
20129;2000
20130;2000
20131;2000
20132;2000
20133;2000
20134;2000
20135;2000
20136;2000
20137;2000
20138;2000
20139;2000
20140;2000
20141;2000
20142;2000
20143;2000
20310;2000
20314;2000
20315;2000
20316;2000
20317;2000
20320;2000
20321;2000
20322;2000
20323;2000
20324;2000
20325;2000
20330;2000
20345;2000
20381;2000
20409;2000
20410;2000
20420;2000
20421;2000
20422;2000
20444;2000
20445;2000
20446;2000
20447;2000
20450;2000
20451;2000
20452;2000
20453;2000
20466;2000
20481;2000
20510;2000
20521;2000
20522;2000
20523;2000
20545;2000
20581;2000
20622;2000
20623;2000
20624;2000
20628;2000
20629;2000
20630;2000
20634;2000
20635;2000
20636;2000
20640;2000
20641;2000
20645;2000
20646;2000
20647;2000
20648;2000
20649;2000
20650;2000
20651;2000
20652;2000
20653;2000
20654;2000
20655;2000
20656;2000
20657;2000
21002;2100
21003;2100
21004;2100
21005;2100
21006;2100
21007;2100
21008;2100
21009;2100
21010;2100
21011;2100
21012;2100
21013;2100
21014;2100
21018;2100
21020;2100
21021;2100
21022;2100
21023;2100
21024;2100
21026;2100
21028;2100
21032;2100
21033;2100
21034;2100
21059;2100
21060;2100
21061;2100
21063;2100
21064;2100
21078;2100
21080;2100
21082;2100
21083;2100
21089;2100
21090;2100
21091;2100
21092;2100
21093;2100
21094;2100
21095;2100
21096;2100
21097;2100
21098;2100
21099;2100
21100;2100
21101;2100
21102;2100
21105;2100
21106;2100
21107;2100
21108;2100
21109;2100
21110;2100
21111;2100
21112;2100
21113;2100
21114;2100
21115;2100
21118;2100
21119;2100
21120;2100
21121;2100
21124;2100
21125;2100
21126;2100
21127;2100
21129;2100
21130;2100
21138;2100
21139;2100
21140;2100
21141;2100
21142;2100
21143;2100
21144;2100
21145;2100
21146;2100
21147;2100
21148;2100
21149;2100
21150;2100
21151;2100
21152;2100
21153;2100
21154;2100
21155;2100
21156;2100
21157;2100
21158;2100
21159;2100
21160;2100
21161;2100
21162;2100
21202;2100
21207;2100
21209;2100
21210;2100
21211;2100
21213;2100
21214;2100
21224;2100
21225;2100
21226;2100
21227;2100
21228;2100
21229;2100
21230;2100
21232;2100
21233;2100
21234;2100
21235;2100
21237;2100
21238;2100
21239;2100
21240;2100
21241;2100
21242;2100
21243;2100
21244;2100
21245;2100
21246;2100
21247;2100
21248;2100
21249;2100
21250;2100
21251;2100
21252;2100
21253;2100
21254;2100
21255;2100
21256;2100
21258;2100
21259;2100
21260;2100
21261;2100
21262;2100
21263;2100
21264;2100
21265;2100
21266;2100
21267;2100
21268;2100
21269;2100
21270;2100
21271;2100
21272;2100
21273;2100
21274;2100
21275;2100
21276;2100
21277;2100
21278;2100
21279;2100
21280;2100
21281;2100
21282;2100
21283;2100
21284;2100
21285;2100
21286;2100
21287;2100
21288;2100
21289;2100
21290;2100
21291;2100
21292;2100
21293;2100
21294;2100
21295;2100
21296;2100
21297;2100
21298;2100
21299;2100
21300;2100
21301;2100
21302;2100
21303;2100
21304;2100
21305;2100
21306;2100
21307;2100
21309;2100
21310;2100
21311;2100
21313;2100
21314;2100
21315;2100
21316;2100
21319;2100
21321;2100
21324;2100
21327;2100
21328;2100
21329;2100
21333;2100
21334;2100
21335;2100
21336;2100
21337;2100
21338;2100
21339;2100
21340;2100
21341;2100
21343;2100
21344;2100
21345;2100
21346;2100
21347;2100
21348;2100
21349;2100
21350;2100
21355;2100
21356;2100
21357;2100
21358;2100
21359;2100
21360;2100
21361;2100
21362;2100
21363;2100
21364;2100
21365;2100
21376;2100
21377;2100
21378;2100
21379;2100
21380;2100
21381;2100
21382;2100
21383;2100
21384;2100
21385;2100
21386;2100
21387;2100
21388;2100
21389;2100
21390;2100
21393;2100
21395;2100
21396;2100
21397;2100
21398;2100
21399;2100
21400;2100
21401;2100
21402;2100
21403;2100
21404;2100
21405;2100
21406;2100
21407;2100
21410;2100
21411;2100
21412;2100
21413;2100
21415;2100
21416;2100
21417;2100
21418;2100
21419;2100
21420;2100
21421;2100
21422;2100
21424;2100
21425;2100
21426;2100
21427;2100
21428;2100
21429;2100
21430;2100
21431;2100
21432;2100
21433;2100
21434;2100
21435;2100
21436;2100
21437;2100
21438;2100
21439;2100
21440;2100
21441;2100
21442;2100
21443;2100
21444;2100
21445;2100
21446;2100
21456;2100
21457;2100
21458;2100
21459;2100
21461;2100
21462;2100
21463;2100
21464;2100
21465;2100
21466;2100
21467;2100
21468;2100
21469;2100
21470;2100
21471;2100
21472;2100
21473;2100
21474;2100
21475;2100
21476;2100
21477;2100
21478;2100
21479;2100
21480;2100
21482;2100
21483;2100
21484;2100
21485;2100
21486;2100
21487;2100
21488;2100
21490;2100
21491;2100
21492;2100
21493;2100
21494;2100
21495;2100
21496;2100
21497;2100
21498;2100
21499;2100
21500;2100
21501;2100
21503;2100
21505;2100
21506;2100
21507;2100
21508;2100
21509;2100
21510;2100
21511;2100
21512;2100
21513;2100
21514;2100
21515;2100
21516;2100
21517;2100
21518;2100
21519;2100
21520;2100
21521;2100
21522;2100
21523;2100
21524;2100
21525;2100
21526;2100
21527;2100
21600;2100
21601;2100
21602;2100
21603;2100
21604;2100
21605;2100
21610;2100
21611;2100
22118;1600
22119;1600
22120;1600
22121;1600
22122;1600
22123;1600
22126;1600
22247;2200
22401;2200
22402;2200
22522;2200
22528;2200
22529;2200
22535;2200
22537;2200
22899;2200
22900;2200
22901;2200
22902;2100
22903;2100
22904;2200
22905;2200
22906;2200
22908;2200
22910;2200
22911;2200
22912;2200
22914;2200
22915;2200
22916;2200
22917;2200
22918;2200
22919;2200
22928;2200
22929;2200
22930;2200
22931;2200
22932;2200
22937;2200
22938;2200
22939;2200
22940;2200
22941;2200
22942;2200
22943;2200
22944;2200
22945;2200
22946;2200
22947;2200
22948;2200
22949;2200
22950;2200
22951;2200
22952;2200
22953;2200
22954;2200
22955;2200
22956;2200
22957;2200
22958;2200
22959;2200
22960;2200
22961;2200
22962;2200
22963;2200
22965;2200
22966;2200
22969;2200
22970;2200
22971;2200
22972;2200
22973;2200
22974;2200
22975;2200
22976;2200
22977;2200
22978;2200
22979;2200
22980;2200
22981;2200
22982;2200
22983;2200
22984;2200
22985;2200
22986;2200
22987;2200
22988;2200
22989;2200
22990;2200
22991;2200
22992;2200
22993;2200
22994;2200
22995;2200
22996;2200
22997;2200
22998;2200
22999;2200
23000;1300
23001;1300
23002;1300
23003;1300
23004;1300
23005;1300
23006;1300
23007;1300
23008;1300
23030;1300
23031;1300
23032;1300
23033;1300
23034;1300
23035;1300
23036;1300
23037;1300
23038;1300
23039;1300
23040;1300
23041;1300
23042;1300
23043;1300
23044;1300
23045;1300
23046;1300
23047;1300
23048;1300
23049;1300
23050;1300
23051;1300
23052;1300
23053;1300
23054;1300
23055;1300
23056;1300
23057;1300
23058;1300
23059;1300
23060;1300
23061;1300
23062;1300
23063;1300
23064;1300
23065;1300
23066;1300
23067;1300
23068;1300
23069;1300
23070;1300
23071;1300
23072;1300
23073;1300
23074;1300
23075;1300
23076;1300
23077;1300
23078;1300
23079;1300
23080;1300
23081;1300
23082;1300
23083;1300
23084;1300
23085;1300
23086;1300
23087;1300
23088;1300
23089;1300
23090;1300
23091;1300
23092;1300
23093;1300
23094;1300
23095;1300
23096;1300
23097;1300
23098;1300
23099;1300
23100;1300
23101;1300
23102;1300
23103;1300
23104;1300
23105;1300
23106;1300
23107;1300
23108;1300
23109;1300
23110;1300
23111;1300
23112;1300
23113;1300
23114;1300
23115;1300
23116;1300
23117;1300
23118;1300
23119;1300
23120;1300
23121;1300
23122;1300
23123;1300
23124;1300
23125;1300
23126;1300
23127;1300
23128;1300
23129;1300
23130;1300
23131;1300
23132;1300
23133;1300
23134;1300
23135;1300
23136;1300
23137;1300
23138;1300
23139;1300
23140;1300
23141;1300
23142;1300
23143;1300
23144;1300
23145;1300
23146;1300
23147;1300
23148;1300
23149;1300
23150;1300
23151;1300
23152;1300
23153;1300
23154;1300
23155;1300
23156;1300
23157;1300
23158;1300
23159;1300
23160;1300
23161;1300
23162;1300
23163;1300
23164;1300
23165;1300
23166;1300
23167;1300
23168;1300
23169;1300
23170;1300
23171;1300
23172;1300
23173;1300
23174;1300
23175;1300
23176;1300
23177;1300
23178;1300
23179;1300
23180;1300
23181;1300
23182;1300
23183;1300
23184;1300
23185;1300
23186;1300
23187;1300
23188;1300
23189;1300
23190;1300
23191;1300
23192;1300
23193;1300
23194;1300
23195;1300
23196;1300
23197;1300
23198;1300
23199;1300
23200;1300
23201;1300
23202;1300
23213;1300
23214;1300
23215;1300
23216;1300
23217;1300
23218;1300
23219;1300
23220;1300
23221;1300
23222;1300
23223;1300
23224;1300
23225;1300
23226;1300
23227;1300
23228;1300
23229;1300
23230;1300
23231;1300
23232;1300
23233;1300
23234;1300
23235;1300
23236;1300
23237;1300
23238;1300
23239;1300
23240;1300
23241;1300
23242;1300
23243;1300
23244;1300
23245;1300
23246;1300
23247;1300
23248;1300
23249;1300
23250;1300
23251;1300
23252;1300
23253;1300
23254;1300
23255;1300
23256;1300
23257;1300
23258;1300
23259;1300
23260;1300
23261;1300
23262;1300
23263;1300
23264;1300
23265;1300
23266;1300
23267;1300
23268;1300
23269;1300
23270;1300
23271;1300
23272;1300
23273;1300
23274;1300
23275;1300
23276;1300
23277;1300
23278;1300
23279;1300
23280;1300
23281;1300
23282;1300
23283;1300
23284;1300
23285;1300
23286;1300
23287;1300
23288;1300
23289;1300
23290;1300
23291;1300
23292;1300
23293;1300
23294;1300
23295;1300
23296;1300
23297;1300
23298;1300
23299;1300
23300;1300
23301;1300
23302;1300
23303;1300
23304;1300
23305;1300
23306;1300
23307;1300
23308;1300
23309;1300
23310;1300
23311;1300
23312;1300
23313;1300
23314;1300
23315;1300
23316;1300
23317;1300
23318;1300
23319;1300
23320;1300
23321;1300
23322;1300
23323;1300
23324;1300
23325;1300
23326;1300
23327;1300
23328;1300
23329;1300
23330;1300
23331;1300
23332;1300
23333;1300
23334;1300
23335;1300
23336;1300
23337;1300
23338;1300
23339;1300
23340;1300
23341;1300
23342;1300
23343;1300
23344;1300
23345;1300
23346;1300
23347;1300
23348;1300
23349;1300
23350;1300
23351;1300
23352;1300
23353;1300
23354;1300
23355;1300
23356;1300
23357;1300
23358;1300
23359;1300
23360;1300
23361;1300
23362;1300
23363;1300
23364;1300
23365;1300
23366;1300
23367;1300
23368;1300
23369;1300
23370;1300
23371;1300
23372;1300
23373;1300
23374;1300
23375;1300
23376;1300
23377;1300
23378;1300
23379;1300
23380;1300
23381;1300
23382;1300
23383;1300
23384;1300
23385;1300
23386;1300
23387;1300
23388;1300
23389;1300
23390;1300
23391;1300
23392;1300
23393;1300
23394;1300
23395;1300
23397;1300
23398;1300
23399;1300
23401;1300
23402;1300
23403;1300
23404;1300
23405;1300
23406;1300
23407;1300
23408;1300
23409;1300
23410;1300
23411;1300
23412;1300
23413;1300
23414;1300
23415;1300
23416;1300
23417;1300
23418;1300
23419;1300
23420;1300
23421;1300
23422;1300
23423;1300
23424;1300
23425;1300
23426;1300
23427;1300
23428;1300
23429;1300
23430;1300
23431;1300
23432;1300
23433;1300
23434;1300
23435;1300
23436;1300
23437;1300
23438;1300
23439;1300
23440;1300
23441;1300
23442;1300
23443;1300
23444;1300
23445;1300
23446;1300
23447;1300
23448;1300
23449;1300
23450;1300
23451;1300
23452;1300
23453;1300
23454;1300
23455;1300
23456;1300
23457;1300
23458;1300
23459;1300
23460;1300
23461;1300
23462;1300
23463;1300
23464;1300
23465;1300
23466;1300
23467;1300
23468;1300
23469;1300
23470;1300
23471;1300
23472;1300
23473;1300
23474;1300
23475;1300
23476;1300
23477;1300
23478;1300
23479;1300
23480;1300
23481;1300
23482;1300
23483;1300
23484;1300
23485;1300
23490;1300
23491;1300
23494;1300
23495;1300
23496;1300
23497;1300
23498;1300
23499;1300
23501;1300
23502;1300
23503;1300
23506;1300
23507;1300
23508;1300
23509;1300
23511;1300
23513;1300
23514;1300
23515;1300
23516;1300
23517;1300
23519;1300
23521;1300
23523;1300
23525;1300
23528;1300
23531;1300
23533;1300
23536;1300
23540;1300
23541;1300
23545;1300
23547;1300
23549;1300
23552;1300
23554;1300
23557;1300
23558;1300
23559;1300
23560;1300
23561;1300
23562;1300
23563;1300
23564;1300
23565;1300
23566;1300
23567;1300
23568;1300
23569;1300
23570;1300
23571;1300
23572;1300
23573;1300
23574;1300
23575;1300
23576;1300
23577;1300
23578;1300
23579;1300
23580;1300
23581;1300
23582;1300
23583;1300
23584;1300
23585;1300
23586;1300
23587;1300
23588;1300
23589;1300
23590;1300
23591;1300
23592;1300
23593;1300
23594;1300
23595;1300
23596;1300
23597;1300
23598;1300
23599;1300
23600;1300
23601;1300
23602;1300
23603;1300
23604;1300
23605;1300
23606;1300
23607;1300
23608;1300
23609;1300
23610;1300
23611;1300
23612;1300
23613;1300
23614;1300
23615;1300
23616;1300
23617;1300
23618;1300
23619;1300
23620;1300
23621;1300
23622;1300
23623;1300
23624;1300
23625;1300
23626;1300
23627;1300
23628;1300
23629;1300
23630;1300
23631;1300
23632;1300
23633;1300
23634;1300
23635;1300
23636;1300
23637;1300
23638;1300
23640;1300
23646;1300
23647;1300
23648;1300
23649;1300
23650;1300
23651;1300
23652;1300
23653;1300
23654;1300
23655;1300
23656;1300
23657;1300
23658;1300
23659;1300
23660;1300
25000;2500
25001;2500
25003;2500
25004;2500
25005;2500
25006;2500
25007;2500
25008;2500
25009;2500
25010;2500
25012;2500
25013;2500
25014;2500
25015;2500
25016;2500
25017;2500
25018;2500
25020;2500
25021;2500
25022;2500
25023;2500
25024;2500
25025;2500
25026;2500
25027;2500
25028;2500
25030;2500
25031;2500
25032;2500
25033;2500
25034;2500
25035;2500
25036;2500
25037;2500
25038;2500
25039;2500
25040;2500
25041;2500
25043;2500
25045;2500
25046;2500
25048;2500
25050;2500
25051;2500
25052;2500
25053;2500
25054;2500
25055;2500
25056;2500
25059;2500
25060;2500
25062;2500
25063;2500
25064;2500
25065;2500
25066;2500
25067;2500
25068;2500
25070;2500
25071;2500
27000;0600
27001;0600
27002;0600
27007;0600
27008;0600
27009;0600
27013;0600
27014;0600
27015;0600
27017;0600
27018;0600
27019;0600
27021;0600
27022;0600
27023;0600
27027;0600
27028;0600
27029;0600
27030;0600
27032;0600
27033;0600
27034;0600
27035;0600
27042;0600
27043;0600
27044;0600
27045;0600
27046;0600
27047;0600
27048;0600
27049;0600
27050;0600
27051;0600
27052;0600
27053;0600
27054;0600
27055;0600
27056;0600
27057;0600
27058;0600
27059;0600
27060;0600
27061;0600
27062;0600
27063;0600
27064;0600
27065;0600
27066;0600
27067;0600
27068;0600
28000;1800
28001;1800
28002;1800
28003;1800
28004;1800
28005;1800
28006;1800
28007;1800
28008;1800
28009;1800
28010;1800
28011;1800
28012;1800
28013;1800
28014;1800
28015;1800
28016;1800
28017;1800
28018;1800
28019;1800
28020;1800
28021;1800
28022;1800
28023;1800
28024;1800
28025;1800
28026;1800
28027;1800
28028;1800
28029;1800
28030;1800
28031;1800
28032;1800
28033;1800
28034;1800
28035;1800
28036;1800
28037;1800
28038;1800
28039;1800
28040;1800
28041;1800
28043;1800
28044;1800
28045;1800
28046;1800
28047;1800
28048;1800
28049;1800
28050;1800
28051;1800
28052;1800
28053;1800
28054;1800
28055;1800
28056;1800
28057;1800
28058;1800
28059;1800
28060;1800
28061;1800
28062;1800
28064;1800
28065;1800
28066;1800
28067;1800
28068;1800
28069;1800
28070;1800
28071;1800
28072;1800
28073;1800
28074;1800
28075;1800
28076;1800
28077;1800
28078;1800
28079;1800
28080;1800
28081;1800
28082;1800
28083;1800
28084;1800
28085;1800
28086;1800
28087;1800
28088;1800
28089;1800
28091;1800
28092;1800
28093;1800
28094;1800
28095;1800
28096;1800
28097;1800
28098;1800
28100;1800
28101;1800
28102;1800
28103;1800
28104;1800
28105;1800
28106;1800
28107;1800
28108;1800
28109;1800
28110;1800
28111;1800
28112;1800
28113;1800
28114;1800
28115;1800
28116;1800
28117;1800
28118;1800
28119;1800
28120;1800
28121;1800
28122;1800
28123;1800
28124;1800
28125;1800
28126;1800
28127;1800
28128;1800
28129;1800
28130;1800
28131;1800
28132;1800
28133;1800
28134;1800
28135;1800
28136;1800
28137;1800
28138;1800
28139;1800
28140;1800
28141;1800
28142;1800
28143;1800
28144;1800
28145;1800
28146;1800
28147;1800
28148;1800
28149;1800
28150;1800
28151;1800
28152;1800
28153;1800
28154;1800
28155;1800
28156;1800
28157;1800
28158;1800
28159;1800
28160;1800
28161;1800
28162;1800
28163;1800
28164;1800
28165;1800
28167;1800
28168;1800
28169;1800
28170;1800
28171;1800
28172;1800
28173;1800
28174;1800
28175;1800
28176;1800
28177;1800
28178;1800
28179;1800
28180;1800
28181;1800
28182;1800
28183;1800
28184;1800
28185;1800
28186;1800
28187;1800
28188;1800
28189;1800
28190;1800
28191;1800
28192;1800
28193;1800
28194;1800
28195;1800
28196;1800
28197;1800
28198;1800
28199;1800
28200;1800
28201;1800
28202;1800
28203;1800
28204;1800
28205;1800
28206;1800
28207;1800
28208;1800
28209;1800
28210;1800
28211;1800
28212;1800
28213;1800
28214;1800
28215;1800
28216;1800
28217;1800
28218;1800
28219;1800
28221;1800
28222;1800
28223;1800
28224;1800
28225;1800
28226;1800
28227;1800
28228;1800
28229;1800
28230;1800
28231;1800
28232;1800
28233;1800
28234;1800
28235;1800
28236;1800
28237;1800
28238;1800
28239;1800
28240;1800
28241;1800
28242;1800
28243;1800
28244;1800
28245;1800
28246;1800
28247;1800
28248;1800
28249;1800
28250;1800
28251;1800
28252;1800
28253;1800
28254;1800
28255;1800
28256;1800
28257;1800
28258;1800
28259;1800
28260;1800
28261;1800
28262;1800
28263;1800
28264;1800
28265;1800
28266;1800
28267;1800
28268;1800
28269;1800
28270;1800
28271;1800
28272;1800
28273;1800
28274;1800
28275;1800
28276;1800
28277;1800
28278;1800
28279;1800
28280;1800
28281;1800
28282;1800
28283;1800
28284;1800
28285;1800
28286;1800
28287;1800
28288;1800
28289;1800
28290;1800
28291;1800
28292;1800
28293;1800
28294;1800
28295;1800
28296;1800
28297;1800
28298;1800
28299;1800
28300;1800
28301;1800
28302;1800
28303;1800
28304;1800
28305;1800
28306;1800
28307;1800
28308;1800
28309;1800
28310;1800
28311;1800
28312;1800
28313;1800
28314;1800
28315;1800
28316;1800
28317;1800
28318;1800
28319;1800
28320;1800
28321;1800
28322;1800
28323;1800
28324;1800
28325;1800
28326;1800
28327;1800
28328;1800
28329;1800
28330;1800
28331;1800
28332;1800
28333;1800
28334;1800
28335;1800
28336;1800
28337;1800
28338;1800
28339;1800
28340;1800
28341;1800
28342;1800
28343;1800
28344;1800
28345;1800
28346;1800
28347;1800
28348;1800
28349;1800
28350;1800
28351;1800
28352;1800
28354;1800
28355;1800
28356;1800
28357;1800
28358;1800
28359;1800
28360;1800
28361;1800
28362;1800
28363;1800
28364;1800
28365;1800
28366;1800
28367;1800
28368;1800
28369;1800
28370;1800
28371;1800
28372;1800
28373;1800
28374;1800
28375;1800
28376;1800
28377;1800
28378;1800
28379;1800
28380;1800
28381;1800
28382;1800
28383;1800
28384;1800
28385;1800
28386;1800
28387;1800
28388;1800
28389;1800
28390;1800
28391;1800
28392;1800
28393;1800
28394;1800
28395;1800
28396;1800
28397;1800
28399;1800
31001;1100
31002;1100
31005;1100
31006;1100
31007;1100
31008;1100
31010;1100
31011;1100
31012;1100
31013;1100
31014;1100
31015;1100
31016;1100
31017;1100
31018;1100
31019;1100
31020;1100
31021;1100
31022;1100
31023;1100
31024;1100
31025;1100
31026;1100
31027;1100
31028;1100
31029;1100
31030;1100
31031;1100
31032;1100
31033;1100
31034;1100
31035;1100
31036;1100
32000;2200
32001;2200
32002;2200
32003;2200
32004;2200
32005;2200
32006;2200
32007;2200
32008;2200
32009;2200
32010;2200
32011;2200
32012;2200
32013;2200
32014;2200
32015;2200
32016;2200
32017;2200
32018;2200
32019;2200
32020;2200
32021;2200
32022;2200
32023;2200
32024;2200
32025;2200
32026;2200
32027;2200
32028;2200
32029;2200
32030;2200
32031;2200
32032;2200
32034;2200
32035;2200
32036;2200
33862;0300
33863;0300
33864;0300
33865;0300
33866;0300
33867;0300
33868;0300
33869;0300
33870;0300
33871;0300
33872;0300
33873;0300
33874;0300
33875;0300
33876;0300
33877;0300
33878;0300
35001;3500
35003;3500
35004;3500
35007;3500
35008;3500
35009;3500
35010;3500
35011;3500
35012;3500
35013;3500
35014;3500
35015;3500
35016;3500
35017;3500
35021;3500
35022;3500
35023;3500
35024;3500
35025;3500
35026;3500
35027;3500
35028;3500
35029;3500
35030;3500
35034;3500
35038;3500
35039;3500
35040;3500
35041;3500
35042;3500
35043;3500
35046;3500
35047;3500
35048;3500
35049;3500
35050;3500
35051;3500
35052;3500
35053;3500
35054;3500
35055;3500
35056;3500
35057;3500
35058;3500
35059;3500
35060;3500
35063;3500
35064;3500
35065;3500
35066;3500
35067;3500
35068;3500
35069;3500
35070;3500
35071;3500
35072;3500
35073;3500
35074;3500
35075;3500
35078;3500
35079;3500
35080;3500
35081;3500
35082;3500
35083;3500
35084;3500
35085;3500
35086;3500
35087;3500
35088;3500
35089;3500
35091;3500
35092;3500
35093;3500
35130;3500
35131;3500
35132;3500
35133;3500
35134;3500
35135;3500
35136;3500
35137;3500
35138;3500
35139;3500
35140;3500
35141;3500
35142;3500
35143;3500
35144;3500
35145;3500
35146;3500
35147;3500
35148;3500
35149;3500
35150;3500
35151;3500
35152;3500
35153;3500
35154;3500
35155;3500
35156;3500
35157;3500
35158;3500
35160;3500
35161;3500
35162;3500
35164;3500
35165;3500
35166;3500
35167;3500
35168;3500
35169;3500
35170;3500
35171;3500
35172;3500
35173;3500
35174;3500
35175;3500
35176;3500
35177;3500
35178;3500
35179;3500
35180;3500
35181;3500
35182;3500
35183;3500
35184;3500
35185;3500
35186;3500
35187;3500
35188;3500
35190;3500
35192;3500
35193;3500
35194;3500
35195;3500
35196;3500
35197;3500
35198;3500
35199;3500
35200;3500
35201;3500
35202;3500
35203;3500
35204;3500
35205;3500
35206;3500
35207;3500
35211;3500
35225;3500
35226;3500
35227;3500
35228;3500
35229;3500
35230;3500
35231;3500
35232;3500
35233;3500
35234;3500
35235;3500
35236;3500
35237;3500
35238;3500
35239;3500
35240;3500
36000;3600
36001;3600
36002;3600
36003;3600
36004;3600
36005;3600
36006;3600
36007;3600
36008;3600
36009;3600
36010;3600
36011;3600
36012;3600
36013;3600
36014;3600
36015;3600
36016;3600
36017;3600
36018;3600
36019;3600
36020;3600
36021;3600
36022;3600
36023;3600
36024;3600
36025;3600
36026;3600
36027;3600
36028;3600
36029;3600
36030;3600
36031;3600
36032;3600
36033;3600
36034;3600
36035;3600
36036;3600
36037;3600
36038;3600
36039;3600
36040;3600
36041;3600
36042;3600
36043;3600
36044;3600
36045;3600
36046;3600
36047;3600
36048;3600
36049;3600
36050;3600
36051;3600
36052;3600
36053;3600
36054;3600
36055;3600
36056;3600
36057;3600
36058;3600
36059;3600
36060;3600
36061;3600
36401;3600
36403;3600
36404;3600
36405;3600
36406;3600
36407;3600
36408;3600
36409;3600
36410;3600
36411;3600
36412;3600
36413;3600
36414;3600
36415;3600
36416;3600
36417;3600
36418;3600
36601;3600
36602;3600
36603;3600
36604;3600
36605;3600
36606;3600
36607;3600
36608;3600
36609;3600
36610;3600
36611;3600
36612;3600
36613;3600
36614;3600
36615;3600
36617;3600
36618;3600
36619;3600
36620;3600
36621;3600
36622;3600
36623;3600
36624;3600
36625;3600
36626;3600
36629;3600
36630;3600
36631;3600
36632;3600
36633;3600
42040;1900
42055;1400
42063;1900
42074;1900
42116;0400
42117;0100
42119;0300
42120;0300
42128;0700
42129;0700
42131;1900
42135;0100
42136;0100
42137;0400
42138;0400
42139;2500
42140;0400
42141;0100
42148;1900
42150;0300
42151;0400
42153;0400
42155;0100
42157;0400
42158;0400
42161;0700
42171;0400
42173;0700
42178;0400
42179;0700
42183;1900
42185;1900
42186;1900
42187;1900
42189;0100
42190;0700
42192;0400
42193;0400
42196;1900
42200;1600
42204;2500
42205;0100
42227;1900
42230;0400
42231;0400
42235;0100
42236;0800
42237;0800
42240;0800
42256;0400
42258;0100
42259;2500
42261;0800
42265;0800
42266;0300
42267;0300
42270;1400
42272;2500
42278;0300
42279;0300
42280;0700
42281;1900
42283;2500
42284;0300
42285;0300
42286;0300
42289;0400
42290;0100
42291;1600
42297;0800
42303;0100
42304;0100
42307;0400
42309;0400
42316;0300
43004;0300
43006;0300
43007;0300
43008;0300
43015;0400
43016;0400
43017;0400
43019;0400
43020;0400
43021;0400
43026;1900
43027;1900
43028;1900
43031;1900
43046;1900
43057;1900
43058;1900
43059;1900
43060;1900
43075;0300
43078;0100
43098;1900
43100;2500
43109;2500
43112;1600
43114;1600
43125;1600
43128;1600
43130;1600
43131;1600
43132;1600
43134;1600
43135;1600
43137;1600
43142;1100
43143;1100
43144;1100
43146;1100
43154;1400
43155;1400
43158;1900
43205;0100
43212;1600
43214;0400
43215;0400
43216;1900
43217;1100
43218;0800
43241;0800
43245;0800
43260;0100
43261;0100
43268;0100
43269;1900
43273;0100
43274;0100
43275;0100
43276;0100
43278;0100
43282;0500
43283;0500
43285;0100
43287;0500
43297;1000
43299;1600
43311;1100
43312;1100
43325;1000
43326;1000
43327;1000
43329;0400
43331;0400
43340;0100
43344;1900
43345;1400
43346;1900
43352;0100
43355;0400
43364;2500
43365;1100
43366;0500
43367;0500
43369;1400
43373;0300
43378;1000
43379;0100
43382;0900
43384;0700
43387;1100
43390;0500
43391;0500
43392;1100
43393;0800
43396;0100
43398;0100
43401;1400
43404;1400
43405;0100
43406;1100
43408;0300
43410;1600
43417;0300
43432;0300
43441;1800
43447;2500
43449;1600
43450;1900
43476;1600
43479;1400
43483;0800
43495;0800
43497;1500
43506;1900
43507;0700
43514;1900
43523;0300
43528;1400
43529;0300
43535;0300
43536;0300
43537;0300
43539;0300
43541;1900
43543;0100
43544;0300
43546;0300
43550;0300
43566;2500
43570;0800
43572;2500
43585;0300
43589;0100
43595;2500
43597;0100
43598;0400
44005;0400
44018;1900
44048;0100
44055;1100
44061;1900
44074;0300
44110;1900
44158;1900
44203;1400
44258;1900
44259;1900
44260;1900
48052;2000
80200;1500
83110;1500
90240;1500
90480;1900
90560;1500
93600;1500
